<?xml version="1.0" encoding="ISO-8859-1"?> 
<?xml-stylesheet href="latest_ob.xsl" type="text/xsl"?>
<current_observation version="1.0"
	 xmlns:xsd="http://www.w3.org/2001/XMLSchema"
	 xmlns:xsi="http://www.w3.org/2001/XMLSchema-instance"
	 xsi:noNamespaceSchemaLocation="http://www.weather.gov/view/current_observation.xsd">
	<credit>NOAA's National Weather Service</credit>
	<credit_URL>http://weather.gov/</credit_URL>
	<image>
		<url>http://weather.gov/images/xml_logo.gif</url>
		<title>NOAA's National Weather Service</title>
		<link>http://weather.gov</link>
	</image>
	<suggested_pickup>15 minutes after the hour</suggested_pickup>
	<suggested_pickup_period>60</suggested_pickup_period>
	<location>Edmunston, NB</location>
	<station_id>CERM</station_id>
	<latitude>47.4167</latitude>
	<longitude>-68.3167</longitude>
	<observation_time>Last Updated on Apr 8 2017, 4:00 pm ADT</observation_time>
        <observation_time_rfc822>Sat, 08 Apr 2017 16:00:00 -0300</observation_time_rfc822>
	<temperature_string>40.0 F (4.3 C)</temperature_string>
	<temp_f>40.0</temp_f>
	<temp_c>4.3</temp_c>
	<relative_humidity>73</relative_humidity>
	<wind_string>from the Northwest at 10.4 gusting to 17.3 MPH (9 gusting to 15 KT)</wind_string>
	<wind_dir>Northwest</wind_dir>
	<wind_degrees>300</wind_degrees>
	<wind_mph>10.4</wind_mph>
	<wind_gust_mph>17.3</wind_gust_mph>
	<wind_kt>9</wind_kt>
	<wind_gust_kt>15</wind_gust_kt>
	<pressure_string>997.1 mb</pressure_string>
	<pressure_mb>997.1</pressure_mb>
	<dewpoint_string>31.6 F (-0.2 C)</dewpoint_string>
	<dewpoint_f>31.6</dewpoint_f>
	<dewpoint_c>-0.2</dewpoint_c>
	<windchill_string>33 F (1 C)</windchill_string>
      	<windchill_f>33</windchill_f>
      	<windchill_c>1</windchill_c>
	<two_day_history_url>http://www.weather.gov/data/obhistory/CERM.html</two_day_history_url>
	<ob_url>http://www.weather.gov/data/METAR/CERM.1.txt</ob_url>
	<disclaimer_url>http://weather.gov/disclaimer.html</disclaimer_url>
	<copyright_url>http://weather.gov/disclaimer.html</copyright_url>
	<privacy_policy_url>http://weather.gov/notice.html</privacy_policy_url>
</current_observation>
