<?xml version="1.0" encoding="ISO-8859-1"?> 
<?xml-stylesheet href="latest_ob.xsl" type="text/xsl"?>
<current_observation version="1.0"
	 xmlns:xsd="http://www.w3.org/2001/XMLSchema"
	 xmlns:xsi="http://www.w3.org/2001/XMLSchema-instance"
	 xsi:noNamespaceSchemaLocation="http://www.weather.gov/view/current_observation.xsd">
	<credit>NOAA's National Weather Service</credit>
	<credit_URL>http://weather.gov/</credit_URL>
	<image>
		<url>http://weather.gov/images/xml_logo.gif</url>
		<title>NOAA's National Weather Service</title>
		<link>http://weather.gov</link>
	</image>
	<suggested_pickup>15 minutes after the hour</suggested_pickup>
	<suggested_pickup_period>60</suggested_pickup_period>
	<location>Strathmore Agdm, AB</location>
	<station_id>CPST</station_id>
	<latitude>51.03869</latitude>
	<longitude>-113.28984</longitude>
	<observation_time>Last Updated on Apr 8 2017, 1:00 pm MDT</observation_time>
        <observation_time_rfc822>Sat, 08 Apr 2017 13:00:00 -0600</observation_time_rfc822>
	<temperature_string>45.0 F (7.4 C)</temperature_string>
	<temp_f>45.0</temp_f>
	<temp_c>7.4</temp_c>
	<relative_humidity>78</relative_humidity>
	<wind_string>Northeast at 9.2 MPH (8 KT)</wind_string>
	<wind_dir>Northeast</wind_dir>
	<wind_degrees>60</wind_degrees>
	<wind_mph>9.2</wind_mph>
	<wind_kt>8</wind_kt>
	<dewpoint_string>38.7 F (3.7 C)</dewpoint_string>
	<dewpoint_f>38.7</dewpoint_f>
	<dewpoint_c>3.7</dewpoint_c>
	<windchill_string>40 F (4 C)</windchill_string>
      	<windchill_f>40</windchill_f>
      	<windchill_c>4</windchill_c>
	<two_day_history_url>http://www.weather.gov/data/obhistory/CPST.html</two_day_history_url>
	<ob_url>http://www.weather.gov/data/METAR/CPST.1.txt</ob_url>
	<disclaimer_url>http://weather.gov/disclaimer.html</disclaimer_url>
	<copyright_url>http://weather.gov/disclaimer.html</copyright_url>
	<privacy_policy_url>http://weather.gov/notice.html</privacy_policy_url>
</current_observation>
