<?xml version="1.0" encoding="ISO-8859-1"?> 
<?xml-stylesheet href="latest_ob.xsl" type="text/xsl"?>
<current_observation version="1.0"
	 xmlns:xsd="http://www.w3.org/2001/XMLSchema"
	 xmlns:xsi="http://www.w3.org/2001/XMLSchema-instance"
	 xsi:noNamespaceSchemaLocation="http://www.weather.gov/view/current_observation.xsd">
	<credit>NOAA's National Weather Service</credit>
	<credit_URL>http://weather.gov/</credit_URL>
	<image>
		<url>http://weather.gov/images/xml_logo.gif</url>
		<title>NOAA's National Weather Service</title>
		<link>http://weather.gov</link>
	</image>
	<suggested_pickup>15 minutes after the hour</suggested_pickup>
	<suggested_pickup_period>60</suggested_pickup_period>
	<location>Seven Persons, AB</location>
	<station_id>CPSV</station_id>
	<latitude>49.9167</latitude>
	<longitude>-110.9167</longitude>
	<observation_time>Last Updated on Apr 8 2017, 1:00 pm MDT</observation_time>
        <observation_time_rfc822>Sat, 08 Apr 2017 13:00:00 -0600</observation_time_rfc822>
	<temperature_string>57.0 F (14.1 C)</temperature_string>
	<temp_f>57.0</temp_f>
	<temp_c>14.1</temp_c>
	<relative_humidity>26</relative_humidity>
	<wind_string>West at 16.1 MPH (14 KT)</wind_string>
	<wind_dir>West</wind_dir>
	<wind_degrees>270</wind_degrees>
	<wind_mph>16.1</wind_mph>
	<wind_kt>14</wind_kt>
	<dewpoint_string>22.3 F (-5.4 C)</dewpoint_string>
	<dewpoint_f>22.3</dewpoint_f>
	<dewpoint_c>-5.4</dewpoint_c>
	<windchill_string>53 F (12 C)</windchill_string>
      	<windchill_f>53</windchill_f>
      	<windchill_c>12</windchill_c>
	<two_day_history_url>http://www.weather.gov/data/obhistory/CPSV.html</two_day_history_url>
	<ob_url>http://www.weather.gov/data/METAR/CPSV.1.txt</ob_url>
	<disclaimer_url>http://weather.gov/disclaimer.html</disclaimer_url>
	<copyright_url>http://weather.gov/disclaimer.html</copyright_url>
	<privacy_policy_url>http://weather.gov/notice.html</privacy_policy_url>
</current_observation>
