<?xml version="1.0" encoding="ISO-8859-1"?> 
<?xml-stylesheet href="latest_ob.xsl" type="text/xsl"?>
<current_observation version="1.0"
	 xmlns:xsd="http://www.w3.org/2001/XMLSchema"
	 xmlns:xsi="http://www.w3.org/2001/XMLSchema-instance"
	 xsi:noNamespaceSchemaLocation="http://www.weather.gov/view/current_observation.xsd">
	<credit>NOAA's National Weather Service</credit>
	<credit_URL>http://weather.gov/</credit_URL>
	<image>
		<url>http://weather.gov/images/xml_logo.gif</url>
		<title>NOAA's National Weather Service</title>
		<link>http://weather.gov</link>
	</image>
	<suggested_pickup>15 minutes after the hour</suggested_pickup>
	<suggested_pickup_period>60</suggested_pickup_period>
	<location>Coronach Spc, SK</location>
	<station_id>CWAQ</station_id>
	<latitude>49.05</latitude>
	<longitude>-105.48333</longitude>
	<observation_time>Last Updated on Apr 8 2017, 1:00 pm CST</observation_time>
        <observation_time_rfc822>Sat, 08 Apr 2017 13:00:00 -0600</observation_time_rfc822>
	<weather>Windy</weather>
	<temperature_string>62.0 F (16.4 C)</temperature_string>
	<temp_f>62.0</temp_f>
	<temp_c>16.4</temp_c>
	<relative_humidity>20</relative_humidity>
	<wind_string>from the West at 26.5 gusting to 35.7 MPH (23 gusting to 31 KT)</wind_string>
	<wind_dir>West</wind_dir>
	<wind_degrees>270</wind_degrees>
	<wind_mph>26.5</wind_mph>
	<wind_gust_mph>35.7</wind_gust_mph>
	<wind_kt>23</wind_kt>
	<wind_gust_kt>31</wind_gust_kt>
	<pressure_string>1000.1 mb</pressure_string>
	<pressure_mb>1000.1</pressure_mb>
	<dewpoint_string>19.4 F (-7.0 C)</dewpoint_string>
	<dewpoint_f>19.4</dewpoint_f>
	<dewpoint_c>-7.0</dewpoint_c>
	<windchill_string>59 F (15 C)</windchill_string>
      	<windchill_f>59</windchill_f>
      	<windchill_c>15</windchill_c>
 	<icon_url_base>http://forecast.weather.gov/images/wtf/small/</icon_url_base>
	<two_day_history_url>http://www.weather.gov/data/obhistory/CWAQ.html</two_day_history_url>
	<icon_url_name>wind.png</icon_url_name>
	<ob_url>http://www.weather.gov/data/METAR/CWAQ.1.txt</ob_url>
	<disclaimer_url>http://weather.gov/disclaimer.html</disclaimer_url>
	<copyright_url>http://weather.gov/disclaimer.html</copyright_url>
	<privacy_policy_url>http://weather.gov/notice.html</privacy_policy_url>
</current_observation>
