<?xml version="1.0" encoding="ISO-8859-1"?> 
<?xml-stylesheet href="latest_ob.xsl" type="text/xsl"?>
<current_observation version="1.0"
	 xmlns:xsd="http://www.w3.org/2001/XMLSchema"
	 xmlns:xsi="http://www.w3.org/2001/XMLSchema-instance"
	 xsi:noNamespaceSchemaLocation="http://www.weather.gov/view/current_observation.xsd">
	<credit>NOAA's National Weather Service</credit>
	<credit_URL>http://weather.gov/</credit_URL>
	<image>
		<url>http://weather.gov/images/xml_logo.gif</url>
		<title>NOAA's National Weather Service</title>
		<link>http://weather.gov</link>
	</image>
	<suggested_pickup>15 minutes after the hour</suggested_pickup>
	<suggested_pickup_period>60</suggested_pickup_period>
	<location>Killarney Meteorological Aeronautical Presentation System, ON</location>
	<station_id>CWBE</station_id>
	<latitude>45.97776</latitude>
	<longitude>-81.49315</longitude>
	<observation_time>Last Updated on Apr 8 2017, 3:00 pm EDT</observation_time>
        <observation_time_rfc822>Sat, 08 Apr 2017 15:00:00 -0400</observation_time_rfc822>
	<temperature_string>40.0 F (4.7 C)</temperature_string>
	<temp_f>40.0</temp_f>
	<temp_c>4.7</temp_c>
	<relative_humidity>62</relative_humidity>
	<wind_string>South at 3.5 MPH (3 KT)</wind_string>
	<wind_dir>South</wind_dir>
	<wind_degrees>180</wind_degrees>
	<wind_mph>3.5</wind_mph>
	<wind_kt>3</wind_kt>
	<pressure_string>1015.8 mb</pressure_string>
	<pressure_mb>1015.8</pressure_mb>
	<dewpoint_string>28.2 F (-2.1 C)</dewpoint_string>
	<dewpoint_f>28.2</dewpoint_f>
	<dewpoint_c>-2.1</dewpoint_c>
	<two_day_history_url>http://www.weather.gov/data/obhistory/CWBE.html</two_day_history_url>
	<ob_url>http://www.weather.gov/data/METAR/CWBE.1.txt</ob_url>
	<disclaimer_url>http://weather.gov/disclaimer.html</disclaimer_url>
	<copyright_url>http://weather.gov/disclaimer.html</copyright_url>
	<privacy_policy_url>http://weather.gov/notice.html</privacy_policy_url>
</current_observation>
