<?xml version="1.0" encoding="ISO-8859-1"?> 
<?xml-stylesheet href="latest_ob.xsl" type="text/xsl"?>
<current_observation version="1.0"
	 xmlns:xsd="http://www.w3.org/2001/XMLSchema"
	 xmlns:xsi="http://www.w3.org/2001/XMLSchema-instance"
	 xsi:noNamespaceSchemaLocation="http://www.weather.gov/view/current_observation.xsd">
	<credit>NOAA's National Weather Service</credit>
	<credit_URL>http://weather.gov/</credit_URL>
	<image>
		<url>http://weather.gov/images/xml_logo.gif</url>
		<title>NOAA's National Weather Service</title>
		<link>http://weather.gov</link>
	</image>
	<suggested_pickup>15 minutes after the hour</suggested_pickup>
	<suggested_pickup_period>60</suggested_pickup_period>
	<location>Caribou Point Meteorological Aeronautical Presentation System, NS</location>
	<station_id>CWBK</station_id>
	<latitude>45.76667</latitude>
	<longitude>-62.68333</longitude>
	<observation_time>Last Updated on Apr 8 2017, 4:00 pm ADT</observation_time>
        <observation_time_rfc822>Sat, 08 Apr 2017 16:00:00 -0300</observation_time_rfc822>
	<temperature_string>48.0 F (8.7 C)</temperature_string>
	<temp_f>48.0</temp_f>
	<temp_c>8.7</temp_c>
	<relative_humidity>57</relative_humidity>
	<wind_string>from the South at 15.0 gusting to 24.2 MPH (13 gusting to 21 KT)</wind_string>
	<wind_dir>South</wind_dir>
	<wind_degrees>200</wind_degrees>
	<wind_mph>15.0</wind_mph>
	<wind_gust_mph>24.2</wind_gust_mph>
	<wind_kt>13</wind_kt>
	<wind_gust_kt>21</wind_gust_kt>
	<pressure_string>996.9 mb</pressure_string>
	<pressure_mb>996.9</pressure_mb>
	<dewpoint_string>32.9 F (0.5 C)</dewpoint_string>
	<dewpoint_f>32.9</dewpoint_f>
	<dewpoint_c>0.5</dewpoint_c>
	<windchill_string>42 F (6 C)</windchill_string>
      	<windchill_f>42</windchill_f>
      	<windchill_c>6</windchill_c>
	<two_day_history_url>http://www.weather.gov/data/obhistory/CWBK.html</two_day_history_url>
	<ob_url>http://www.weather.gov/data/METAR/CWBK.1.txt</ob_url>
	<disclaimer_url>http://weather.gov/disclaimer.html</disclaimer_url>
	<copyright_url>http://weather.gov/disclaimer.html</copyright_url>
	<privacy_policy_url>http://weather.gov/notice.html</privacy_policy_url>
</current_observation>
