<?xml version="1.0" encoding="ISO-8859-1"?> 
<?xml-stylesheet href="latest_ob.xsl" type="text/xsl"?>
<current_observation version="1.0"
	 xmlns:xsd="http://www.w3.org/2001/XMLSchema"
	 xmlns:xsi="http://www.w3.org/2001/XMLSchema-instance"
	 xsi:noNamespaceSchemaLocation="http://www.weather.gov/view/current_observation.xsd">
	<credit>NOAA's National Weather Service</credit>
	<credit_URL>http://weather.gov/</credit_URL>
	<image>
		<url>http://weather.gov/images/xml_logo.gif</url>
		<title>NOAA's National Weather Service</title>
		<link>http://weather.gov</link>
	</image>
	<suggested_pickup>15 minutes after the hour</suggested_pickup>
	<suggested_pickup_period>60</suggested_pickup_period>
	<location>LAC SAINT-PIERRE, QC</location>
	<station_id>CWBS</station_id>
	<latitude>46.18</latitude>
	<longitude>-72.92</longitude>
	<observation_time>Last Updated on Apr 8 2017, 3:00 pm EDT</observation_time>
        <observation_time_rfc822>Sat, 08 Apr 2017 15:00:00 -0400</observation_time_rfc822>
	<temperature_string>39.0 F (4.0 C)</temperature_string>
	<temp_f>39.0</temp_f>
	<temp_c>4.0</temp_c>
	<relative_humidity>62</relative_humidity>
	<wind_string>Northwest at 15.0 MPH (13 KT)</wind_string>
	<wind_dir>Northwest</wind_dir>
	<wind_degrees>300</wind_degrees>
	<wind_mph>15.0</wind_mph>
	<wind_kt>13</wind_kt>
	<dewpoint_string>27.1 F (-2.7 C)</dewpoint_string>
	<dewpoint_f>27.1</dewpoint_f>
	<dewpoint_c>-2.7</dewpoint_c>
	<windchill_string>31 F (-1 C)</windchill_string>
      	<windchill_f>31</windchill_f>
      	<windchill_c>-1</windchill_c>
	<two_day_history_url>http://www.weather.gov/data/obhistory/CWBS.html</two_day_history_url>
	<ob_url>http://www.weather.gov/data/METAR/CWBS.1.txt</ob_url>
	<disclaimer_url>http://weather.gov/disclaimer.html</disclaimer_url>
	<copyright_url>http://weather.gov/disclaimer.html</copyright_url>
	<privacy_policy_url>http://weather.gov/notice.html</privacy_policy_url>
</current_observation>
