<?xml version="1.0" encoding="ISO-8859-1"?> 
<?xml-stylesheet href="latest_ob.xsl" type="text/xsl"?>
<current_observation version="1.0"
	 xmlns:xsd="http://www.w3.org/2001/XMLSchema"
	 xmlns:xsi="http://www.w3.org/2001/XMLSchema-instance"
	 xsi:noNamespaceSchemaLocation="http://www.weather.gov/view/current_observation.xsd">
	<credit>NOAA's National Weather Service</credit>
	<credit_URL>http://weather.gov/</credit_URL>
	<image>
		<url>http://weather.gov/images/xml_logo.gif</url>
		<title>NOAA's National Weather Service</title>
		<link>http://weather.gov</link>
	</image>
	<suggested_pickup>15 minutes after the hour</suggested_pickup>
	<suggested_pickup_period>60</suggested_pickup_period>
	<location>Uranium City, Sask., SK</location>
	<station_id>CWDC</station_id>
	<latitude>59.56667</latitude>
	<longitude>-108.48333</longitude>
	<observation_time>Last Updated on Apr 8 2017, 1:00 pm CST</observation_time>
        <observation_time_rfc822>Sat, 08 Apr 2017 13:00:00 -0600</observation_time_rfc822>
	<temperature_string>17.0 F (-8.3 C)</temperature_string>
	<temp_f>17.0</temp_f>
	<temp_c>-8.3</temp_c>
	<relative_humidity>65</relative_humidity>
	<wind_string>from the Northeast at 16.1 gusting to 25.3 MPH (14 gusting to 22 KT)</wind_string>
	<wind_dir>Northeast</wind_dir>
	<wind_degrees>50</wind_degrees>
	<wind_mph>16.1</wind_mph>
	<wind_gust_mph>25.3</wind_gust_mph>
	<wind_kt>14</wind_kt>
	<wind_gust_kt>22</wind_gust_kt>
	<pressure_string>1014.6 mb</pressure_string>
	<pressure_mb>1014.6</pressure_mb>
	<dewpoint_string>7.3 F (-13.7 C)</dewpoint_string>
	<dewpoint_f>7.3</dewpoint_f>
	<dewpoint_c>-13.7</dewpoint_c>
	<windchill_string>2 F (-17 C)</windchill_string>
      	<windchill_f>2</windchill_f>
      	<windchill_c>-17</windchill_c>
	<two_day_history_url>http://www.weather.gov/data/obhistory/CWDC.html</two_day_history_url>
	<ob_url>http://www.weather.gov/data/METAR/CWDC.1.txt</ob_url>
	<disclaimer_url>http://weather.gov/disclaimer.html</disclaimer_url>
	<copyright_url>http://weather.gov/disclaimer.html</copyright_url>
	<privacy_policy_url>http://weather.gov/notice.html</privacy_policy_url>
</current_observation>
