<?xml version="1.0" encoding="ISO-8859-1"?> 
<?xml-stylesheet href="latest_ob.xsl" type="text/xsl"?>
<current_observation version="1.0"
	 xmlns:xsd="http://www.w3.org/2001/XMLSchema"
	 xmlns:xsi="http://www.w3.org/2001/XMLSchema-instance"
	 xsi:noNamespaceSchemaLocation="http://www.weather.gov/view/current_observation.xsd">
	<credit>NOAA's National Weather Service</credit>
	<credit_URL>http://weather.gov/</credit_URL>
	<image>
		<url>http://weather.gov/images/xml_logo.gif</url>
		<title>NOAA's National Weather Service</title>
		<link>http://weather.gov</link>
	</image>
	<suggested_pickup>15 minutes after the hour</suggested_pickup>
	<suggested_pickup_period>60</suggested_pickup_period>
	<location>Chevery, Que., QC</location>
	<station_id>CWDM</station_id>
	<latitude>50.46667</latitude>
	<longitude>-59.63333</longitude>
	<observation_time>Last Updated on Apr 7 2017, 6:00 pm AST</observation_time>
        <observation_time_rfc822>Fri, 07 Apr 2017 18:00:00 -0400</observation_time_rfc822>
	<temperature_string>33.0 F (0.6 C)</temperature_string>
	<temp_f>33.0</temp_f>
	<temp_c>0.6</temp_c>
	<relative_humidity>96</relative_humidity>
	<wind_string>Northeast at 12.7 MPH (11 KT)</wind_string>
	<wind_dir>Northeast</wind_dir>
	<wind_degrees>50</wind_degrees>
	<wind_mph>12.7</wind_mph>
	<wind_kt>11</wind_kt>
	<pressure_string>1004.8 mb</pressure_string>
	<pressure_mb>1004.8</pressure_mb>
	<dewpoint_string>32.0 F (0.0 C)</dewpoint_string>
	<dewpoint_f>32.0</dewpoint_f>
	<dewpoint_c>0.0</dewpoint_c>
	<windchill_string>24 F (-4 C)</windchill_string>
      	<windchill_f>24</windchill_f>
      	<windchill_c>-4</windchill_c>
	<two_day_history_url>http://www.weather.gov/data/obhistory/CWDM.html</two_day_history_url>
	<ob_url>http://www.weather.gov/data/METAR/CWDM.1.txt</ob_url>
	<disclaimer_url>http://weather.gov/disclaimer.html</disclaimer_url>
	<copyright_url>http://weather.gov/disclaimer.html</copyright_url>
	<privacy_policy_url>http://weather.gov/notice.html</privacy_policy_url>
</current_observation>
