<?xml version="1.0" encoding="ISO-8859-1"?> 
<?xml-stylesheet href="latest_ob.xsl" type="text/xsl"?>
<current_observation version="1.0"
	 xmlns:xsd="http://www.w3.org/2001/XMLSchema"
	 xmlns:xsi="http://www.w3.org/2001/XMLSchema-instance"
	 xsi:noNamespaceSchemaLocation="http://www.weather.gov/view/current_observation.xsd">
	<credit>NOAA's National Weather Service</credit>
	<credit_URL>http://weather.gov/</credit_URL>
	<image>
		<url>http://weather.gov/images/xml_logo.gif</url>
		<title>NOAA's National Weather Service</title>
		<link>http://weather.gov</link>
	</image>
	<suggested_pickup>15 minutes after the hour</suggested_pickup>
	<suggested_pickup_period>60</suggested_pickup_period>
	<location>Estevan Point, B. C., BC</location>
	<station_id>CWEB</station_id>
	<latitude>49.38333</latitude>
	<longitude>-126.55</longitude>
	<observation_time>Last Updated on Apr 8 2017, 12:00 pm PDT</observation_time>
        <observation_time_rfc822>Sat, 08 Apr 2017 12:00:00 -0700</observation_time_rfc822>
	<temperature_string>43.0 F (6.2 C)</temperature_string>
	<temp_f>43.0</temp_f>
	<temp_c>6.2</temp_c>
	<relative_humidity>93</relative_humidity>
	<wind_string>East at 4.6 MPH (4 KT)</wind_string>
	<wind_dir>East</wind_dir>
	<wind_degrees>110</wind_degrees>
	<wind_mph>4.6</wind_mph>
	<wind_kt>4</wind_kt>
	<pressure_string>1010.0 mb</pressure_string>
	<pressure_mb>1010.0</pressure_mb>
	<dewpoint_string>41.4 F (5.2 C)</dewpoint_string>
	<dewpoint_f>41.4</dewpoint_f>
	<dewpoint_c>5.2</dewpoint_c>
	<windchill_string>40 F (4 C)</windchill_string>
      	<windchill_f>40</windchill_f>
      	<windchill_c>4</windchill_c>
	<two_day_history_url>http://www.weather.gov/data/obhistory/CWEB.html</two_day_history_url>
	<ob_url>http://www.weather.gov/data/METAR/CWEB.1.txt</ob_url>
	<disclaimer_url>http://weather.gov/disclaimer.html</disclaimer_url>
	<copyright_url>http://weather.gov/disclaimer.html</copyright_url>
	<privacy_policy_url>http://weather.gov/notice.html</privacy_policy_url>
</current_observation>
