<?xml version="1.0" encoding="ISO-8859-1"?> 
<?xml-stylesheet href="latest_ob.xsl" type="text/xsl"?>
<current_observation version="1.0"
	 xmlns:xsd="http://www.w3.org/2001/XMLSchema"
	 xmlns:xsi="http://www.w3.org/2001/XMLSchema-instance"
	 xsi:noNamespaceSchemaLocation="http://www.weather.gov/view/current_observation.xsd">
	<credit>NOAA's National Weather Service</credit>
	<credit_URL>http://weather.gov/</credit_URL>
	<image>
		<url>http://weather.gov/images/xml_logo.gif</url>
		<title>NOAA's National Weather Service</title>
		<link>http://weather.gov</link>
	</image>
	<suggested_pickup>15 minutes after the hour</suggested_pickup>
	<suggested_pickup_period>60</suggested_pickup_period>
	<location>Entrance Island Automatic Weather Reporting System, BC</location>
	<station_id>CWEL</station_id>
	<latitude>49.21667</latitude>
	<longitude>-123.8</longitude>
	<observation_time>Last Updated on Apr 8 2017, 12:00 pm PDT</observation_time>
        <observation_time_rfc822>Sat, 08 Apr 2017 12:00:00 -0700</observation_time_rfc822>
	<temperature_string>45.0 F (7.4 C)</temperature_string>
	<temp_f>45.0</temp_f>
	<temp_c>7.4</temp_c>
	<relative_humidity>86</relative_humidity>
	<wind_string>South at 17.3 MPH (15 KT)</wind_string>
	<wind_dir>South</wind_dir>
	<wind_degrees>190</wind_degrees>
	<wind_mph>17.3</wind_mph>
	<wind_kt>15</wind_kt>
	<pressure_string>1009.8 mb</pressure_string>
	<pressure_mb>1009.8</pressure_mb>
	<dewpoint_string>41.2 F (5.1 C)</dewpoint_string>
	<dewpoint_f>41.2</dewpoint_f>
	<dewpoint_c>5.1</dewpoint_c>
	<windchill_string>38 F (3 C)</windchill_string>
      	<windchill_f>38</windchill_f>
      	<windchill_c>3</windchill_c>
	<two_day_history_url>http://www.weather.gov/data/obhistory/CWEL.html</two_day_history_url>
	<ob_url>http://www.weather.gov/data/METAR/CWEL.1.txt</ob_url>
	<disclaimer_url>http://weather.gov/disclaimer.html</disclaimer_url>
	<copyright_url>http://weather.gov/disclaimer.html</copyright_url>
	<privacy_policy_url>http://weather.gov/notice.html</privacy_policy_url>
</current_observation>
