<?xml version="1.0" encoding="ISO-8859-1"?> 
<?xml-stylesheet href="latest_ob.xsl" type="text/xsl"?>
<current_observation version="1.0"
	 xmlns:xsd="http://www.w3.org/2001/XMLSchema"
	 xmlns:xsi="http://www.w3.org/2001/XMLSchema-instance"
	 xsi:noNamespaceSchemaLocation="http://www.weather.gov/view/current_observation.xsd">
	<credit>NOAA's National Weather Service</credit>
	<credit_URL>http://weather.gov/</credit_URL>
	<image>
		<url>http://weather.gov/images/xml_logo.gif</url>
		<title>NOAA's National Weather Service</title>
		<link>http://weather.gov</link>
	</image>
	<suggested_pickup>15 minutes after the hour</suggested_pickup>
	<suggested_pickup_period>60</suggested_pickup_period>
	<location>Swan River, Man., MB</location>
	<station_id>CWEQ</station_id>
	<latitude>52.11667</latitude>
	<longitude>-101.23333</longitude>
	<observation_time>Last Updated on Apr 8 2017, 2:00 pm CDT</observation_time>
        <observation_time_rfc822>Sat, 08 Apr 2017 14:00:00 -0500</observation_time_rfc822>
	<temperature_string>60.0 F (15.7 C)</temperature_string>
	<temp_f>60.0</temp_f>
	<temp_c>15.7</temp_c>
	<relative_humidity>34</relative_humidity>
	<wind_string>from the Southwest at 18.4 gusting to 26.5 MPH (16 gusting to 23 KT)</wind_string>
	<wind_dir>Southwest</wind_dir>
	<wind_degrees>240</wind_degrees>
	<wind_mph>18.4</wind_mph>
	<wind_gust_mph>26.5</wind_gust_mph>
	<wind_kt>16</wind_kt>
	<wind_gust_kt>23</wind_gust_kt>
	<pressure_string>993.5 mb</pressure_string>
	<pressure_mb>993.5</pressure_mb>
	<dewpoint_string>31.5 F (-0.3 C)</dewpoint_string>
	<dewpoint_f>31.5</dewpoint_f>
	<dewpoint_c>-0.3</dewpoint_c>
	<windchill_string>57 F (14 C)</windchill_string>
      	<windchill_f>57</windchill_f>
      	<windchill_c>14</windchill_c>
	<two_day_history_url>http://www.weather.gov/data/obhistory/CWEQ.html</two_day_history_url>
	<ob_url>http://www.weather.gov/data/METAR/CWEQ.1.txt</ob_url>
	<disclaimer_url>http://weather.gov/disclaimer.html</disclaimer_url>
	<copyright_url>http://weather.gov/disclaimer.html</copyright_url>
	<privacy_policy_url>http://weather.gov/notice.html</privacy_policy_url>
</current_observation>
