<?xml version="1.0" encoding="ISO-8859-1"?> 
<?xml-stylesheet href="latest_ob.xsl" type="text/xsl"?>
<current_observation version="1.0"
	 xmlns:xsd="http://www.w3.org/2001/XMLSchema"
	 xmlns:xsi="http://www.w3.org/2001/XMLSchema-instance"
	 xsi:noNamespaceSchemaLocation="http://www.weather.gov/view/current_observation.xsd">
	<credit>NOAA's National Weather Service</credit>
	<credit_URL>http://weather.gov/</credit_URL>
	<image>
		<url>http://weather.gov/images/xml_logo.gif</url>
		<title>NOAA's National Weather Service</title>
		<link>http://weather.gov</link>
	</image>
	<suggested_pickup>15 minutes after the hour</suggested_pickup>
	<suggested_pickup_period>60</suggested_pickup_period>
	<location>Saturna Island Meteorological Aeronautical Presentation System, BC</location>
	<station_id>CWEZ</station_id>
	<latitude>48.78333</latitude>
	<longitude>-123.05</longitude>
	<observation_time>Last Updated on Apr 8 2017, 4:00 am PDT</observation_time>
        <observation_time_rfc822>Sat, 08 Apr 2017 04:00:00 -0700</observation_time_rfc822>
	<temperature_string>44.0 F (6.5 C)</temperature_string>
	<temp_f>44.0</temp_f>
	<temp_c>6.5</temp_c>
	<relative_humidity>93</relative_humidity>
	<wind_string>South at 17.3 MPH (15 KT)</wind_string>
	<wind_dir>South</wind_dir>
	<wind_degrees>170</wind_degrees>
	<wind_mph>17.3</wind_mph>
	<wind_kt>15</wind_kt>
	<pressure_string>1004.6 mb</pressure_string>
	<pressure_mb>1004.6</pressure_mb>
	<dewpoint_string>41.9 F (5.5 C)</dewpoint_string>
	<dewpoint_f>41.9</dewpoint_f>
	<dewpoint_c>5.5</dewpoint_c>
	<windchill_string>36 F (2 C)</windchill_string>
      	<windchill_f>36</windchill_f>
      	<windchill_c>2</windchill_c>
	<two_day_history_url>http://www.weather.gov/data/obhistory/CWEZ.html</two_day_history_url>
	<ob_url>http://www.weather.gov/data/METAR/CWEZ.1.txt</ob_url>
	<disclaimer_url>http://weather.gov/disclaimer.html</disclaimer_url>
	<copyright_url>http://weather.gov/disclaimer.html</copyright_url>
	<privacy_policy_url>http://weather.gov/notice.html</privacy_policy_url>
</current_observation>
