<?xml version="1.0" encoding="ISO-8859-1"?> 
<?xml-stylesheet href="latest_ob.xsl" type="text/xsl"?>
<current_observation version="1.0"
	 xmlns:xsd="http://www.w3.org/2001/XMLSchema"
	 xmlns:xsi="http://www.w3.org/2001/XMLSchema-instance"
	 xsi:noNamespaceSchemaLocation="http://www.weather.gov/view/current_observation.xsd">
	<credit>NOAA's National Weather Service</credit>
	<credit_URL>http://weather.gov/</credit_URL>
	<image>
		<url>http://weather.gov/images/xml_logo.gif</url>
		<title>NOAA's National Weather Service</title>
		<link>http://weather.gov</link>
	</image>
	<suggested_pickup>15 minutes after the hour</suggested_pickup>
	<suggested_pickup_period>60</suggested_pickup_period>
	<location>Melfort Automatic Weather Reporting System, SK</location>
	<station_id>CWFF</station_id>
	<latitude>52.81667</latitude>
	<longitude>-104.6</longitude>
	<observation_time>Last Updated on Apr 8 2017, 1:00 pm CST</observation_time>
        <observation_time_rfc822>Sat, 08 Apr 2017 13:00:00 -0600</observation_time_rfc822>
	<temperature_string>45.0 F (7.3 C)</temperature_string>
	<temp_f>45.0</temp_f>
	<temp_c>7.3</temp_c>
	<relative_humidity>81</relative_humidity>
	<wind_string>from the Southwest at 16.1 gusting to 21.9 MPH (14 gusting to 19 KT)</wind_string>
	<wind_dir>Southwest</wind_dir>
	<wind_degrees>240</wind_degrees>
	<wind_mph>16.1</wind_mph>
	<wind_gust_mph>21.9</wind_gust_mph>
	<wind_kt>14</wind_kt>
	<wind_gust_kt>19</wind_gust_kt>
	<pressure_string>994.1 mb</pressure_string>
	<pressure_mb>994.1</pressure_mb>
	<dewpoint_string>39.7 F (4.3 C)</dewpoint_string>
	<dewpoint_f>39.7</dewpoint_f>
	<dewpoint_c>4.3</dewpoint_c>
	<windchill_string>38 F (3 C)</windchill_string>
      	<windchill_f>38</windchill_f>
      	<windchill_c>3</windchill_c>
	<two_day_history_url>http://www.weather.gov/data/obhistory/CWFF.html</two_day_history_url>
	<ob_url>http://www.weather.gov/data/METAR/CWFF.1.txt</ob_url>
	<disclaimer_url>http://weather.gov/disclaimer.html</disclaimer_url>
	<copyright_url>http://weather.gov/disclaimer.html</copyright_url>
	<privacy_policy_url>http://weather.gov/notice.html</privacy_policy_url>
</current_observation>
