<?xml version="1.0" encoding="ISO-8859-1"?> 
<?xml-stylesheet href="latest_ob.xsl" type="text/xsl"?>
<current_observation version="1.0"
	 xmlns:xsd="http://www.w3.org/2001/XMLSchema"
	 xmlns:xsi="http://www.w3.org/2001/XMLSchema-instance"
	 xsi:noNamespaceSchemaLocation="http://www.weather.gov/view/current_observation.xsd">
	<credit>NOAA's National Weather Service</credit>
	<credit_URL>http://weather.gov/</credit_URL>
	<image>
		<url>http://weather.gov/images/xml_logo.gif</url>
		<title>NOAA's National Weather Service</title>
		<link>http://weather.gov</link>
	</image>
	<suggested_pickup>15 minutes after the hour</suggested_pickup>
	<suggested_pickup_period>60</suggested_pickup_period>
	<location>Haines Junction, YT</location>
	<station_id>CWHT</station_id>
	<latitude>60.76667</latitude>
	<longitude>-137.58333</longitude>
	<observation_time>Last Updated on Apr 8 2017, 12:00 pm PDT</observation_time>
        <observation_time_rfc822>Sat, 08 Apr 2017 12:00:00 -0700</observation_time_rfc822>
	<temperature_string>34.0 F (0.9 C)</temperature_string>
	<temp_f>34.0</temp_f>
	<temp_c>0.9</temp_c>
	<relative_humidity>46</relative_humidity>
	<wind_string>Southwest at 3.5 MPH (3 KT)</wind_string>
	<wind_dir>Southwest</wind_dir>
	<wind_degrees>240</wind_degrees>
	<wind_mph>3.5</wind_mph>
	<wind_kt>3</wind_kt>
	<pressure_string>998.5 mb</pressure_string>
	<pressure_mb>998.5</pressure_mb>
	<dewpoint_string>14.9 F (-9.5 C)</dewpoint_string>
	<dewpoint_f>14.9</dewpoint_f>
	<dewpoint_c>-9.5</dewpoint_c>
	<two_day_history_url>http://www.weather.gov/data/obhistory/CWHT.html</two_day_history_url>
	<ob_url>http://www.weather.gov/data/METAR/CWHT.1.txt</ob_url>
	<disclaimer_url>http://weather.gov/disclaimer.html</disclaimer_url>
	<copyright_url>http://weather.gov/disclaimer.html</copyright_url>
	<privacy_policy_url>http://weather.gov/notice.html</privacy_policy_url>
</current_observation>
