<?xml version="1.0" encoding="ISO-8859-1"?> 
<?xml-stylesheet href="latest_ob.xsl" type="text/xsl"?>
<current_observation version="1.0"
	 xmlns:xsd="http://www.w3.org/2001/XMLSchema"
	 xmlns:xsi="http://www.w3.org/2001/XMLSchema-instance"
	 xsi:noNamespaceSchemaLocation="http://www.weather.gov/view/current_observation.xsd">
	<credit>NOAA's National Weather Service</credit>
	<credit_URL>http://weather.gov/</credit_URL>
	<image>
		<url>http://weather.gov/images/xml_logo.gif</url>
		<title>NOAA's National Weather Service</title>
		<link>http://weather.gov</link>
	</image>
	<suggested_pickup>15 minutes after the hour</suggested_pickup>
	<suggested_pickup_period>60</suggested_pickup_period>
	<location>Lupin, N. W. T., NU</location>
	<station_id>CWIJ</station_id>
	<latitude>65.76667</latitude>
	<longitude>-111.23333</longitude>
	<observation_time>Last Updated on Apr 8 2017, 10:00 am MDT</observation_time>
        <observation_time_rfc822>Sat, 08 Apr 2017 10:00:00 -0600</observation_time_rfc822>
	<temperature_string>-18.0 F (-27.9 C)</temperature_string>
	<temp_f>-18.0</temp_f>
	<temp_c>-27.9</temp_c>
	<relative_humidity>76</relative_humidity>
	<dewpoint_string>-23.6 F (-30.9 C)</dewpoint_string>
	<dewpoint_f>-23.6</dewpoint_f>
	<dewpoint_c>-30.9</dewpoint_c>
	<two_day_history_url>http://www.weather.gov/data/obhistory/CWIJ.html</two_day_history_url>
	<ob_url>http://www.weather.gov/data/METAR/CWIJ.1.txt</ob_url>
	<disclaimer_url>http://weather.gov/disclaimer.html</disclaimer_url>
	<copyright_url>http://weather.gov/disclaimer.html</copyright_url>
	<privacy_policy_url>http://weather.gov/notice.html</privacy_policy_url>
</current_observation>
