<?xml version="1.0" encoding="ISO-8859-1"?> 
<?xml-stylesheet href="latest_ob.xsl" type="text/xsl"?>
<current_observation version="1.0"
	 xmlns:xsd="http://www.w3.org/2001/XMLSchema"
	 xmlns:xsi="http://www.w3.org/2001/XMLSchema-instance"
	 xsi:noNamespaceSchemaLocation="http://www.weather.gov/view/current_observation.xsd">
	<credit>NOAA's National Weather Service</credit>
	<credit_URL>http://weather.gov/</credit_URL>
	<image>
		<url>http://weather.gov/images/xml_logo.gif</url>
		<title>NOAA's National Weather Service</title>
		<link>http://weather.gov</link>
	</image>
	<suggested_pickup>15 minutes after the hour</suggested_pickup>
	<suggested_pickup_period>60</suggested_pickup_period>
	<location>Saint Clothilde Automated Reporting Station, QC</location>
	<station_id>CWIT</station_id>
	<latitude>45.16667</latitude>
	<longitude>-73.68333</longitude>
	<observation_time>Last Updated on Apr 8 2017, 3:00 pm EDT</observation_time>
        <observation_time_rfc822>Sat, 08 Apr 2017 15:00:00 -0400</observation_time_rfc822>
	<temperature_string>43.0 F (6.0 C)</temperature_string>
	<temp_f>43.0</temp_f>
	<temp_c>6.0</temp_c>
	<relative_humidity>56</relative_humidity>
	<wind_string>from the Northwest at 13.8 gusting to 24.2 MPH (12 gusting to 21 KT)</wind_string>
	<wind_dir>Northwest</wind_dir>
	<wind_degrees>310</wind_degrees>
	<wind_mph>13.8</wind_mph>
	<wind_gust_mph>24.2</wind_gust_mph>
	<wind_kt>12</wind_kt>
	<wind_gust_kt>21</wind_gust_kt>
	<pressure_string>1006.8 mb</pressure_string>
	<pressure_mb>1006.8</pressure_mb>
	<dewpoint_string>28.0 F (-2.2 C)</dewpoint_string>
	<dewpoint_f>28.0</dewpoint_f>
	<dewpoint_c>-2.2</dewpoint_c>
	<windchill_string>36 F (2 C)</windchill_string>
      	<windchill_f>36</windchill_f>
      	<windchill_c>2</windchill_c>
	<two_day_history_url>http://www.weather.gov/data/obhistory/CWIT.html</two_day_history_url>
	<ob_url>http://www.weather.gov/data/METAR/CWIT.1.txt</ob_url>
	<disclaimer_url>http://weather.gov/disclaimer.html</disclaimer_url>
	<copyright_url>http://weather.gov/disclaimer.html</copyright_url>
	<privacy_policy_url>http://weather.gov/notice.html</privacy_policy_url>
</current_observation>
