<?xml version="1.0" encoding="ISO-8859-1"?> 
<?xml-stylesheet href="latest_ob.xsl" type="text/xsl"?>
<current_observation version="1.0"
	 xmlns:xsd="http://www.w3.org/2001/XMLSchema"
	 xmlns:xsi="http://www.w3.org/2001/XMLSchema-instance"
	 xsi:noNamespaceSchemaLocation="http://www.weather.gov/view/current_observation.xsd">
	<credit>NOAA's National Weather Service</credit>
	<credit_URL>http://weather.gov/</credit_URL>
	<image>
		<url>http://weather.gov/images/xml_logo.gif</url>
		<title>NOAA's National Weather Service</title>
		<link>http://weather.gov</link>
	</image>
	<suggested_pickup>15 minutes after the hour</suggested_pickup>
	<suggested_pickup_period>60</suggested_pickup_period>
	<location>Ennadai Lake Meteorological Aeronautical Presentation System, NU</location>
	<station_id>CWJC</station_id>
	<latitude>61.13333</latitude>
	<longitude>-100.9</longitude>
	<observation_time>Last Updated on Oct 28 2016, 1:00 pm CDT</observation_time>
        <observation_time_rfc822>Fri, 28 Oct 2016 13:00:00 -0500</observation_time_rfc822>
	<temperature_string>16.0 F (-8.7 C)</temperature_string>
	<temp_f>16.0</temp_f>
	<temp_c>-8.7</temp_c>
	<relative_humidity>93</relative_humidity>
	<dewpoint_string>14.5 F (-9.7 C)</dewpoint_string>
	<dewpoint_f>14.5</dewpoint_f>
	<dewpoint_c>-9.7</dewpoint_c>
	<two_day_history_url>http://www.weather.gov/data/obhistory/CWJC.html</two_day_history_url>
	<ob_url>http://www.weather.gov/data/METAR/CWJC.1.txt</ob_url>
	<disclaimer_url>http://weather.gov/disclaimer.html</disclaimer_url>
	<copyright_url>http://weather.gov/disclaimer.html</copyright_url>
	<privacy_policy_url>http://weather.gov/notice.html</privacy_policy_url>
</current_observation>
