<?xml version="1.0" encoding="ISO-8859-1"?> 
<?xml-stylesheet href="latest_ob.xsl" type="text/xsl"?>
<current_observation version="1.0"
	 xmlns:xsd="http://www.w3.org/2001/XMLSchema"
	 xmlns:xsi="http://www.w3.org/2001/XMLSchema-instance"
	 xsi:noNamespaceSchemaLocation="http://www.weather.gov/view/current_observation.xsd">
	<credit>NOAA's National Weather Service</credit>
	<credit_URL>http://weather.gov/</credit_URL>
	<image>
		<url>http://weather.gov/images/xml_logo.gif</url>
		<title>NOAA's National Weather Service</title>
		<link>http://weather.gov</link>
	</image>
	<suggested_pickup>15 minutes after the hour</suggested_pickup>
	<suggested_pickup_period>60</suggested_pickup_period>
	<location>Assiniboia Airport Automated Reporting Station, SK</location>
	<station_id>CWJI</station_id>
	<latitude>49.73333</latitude>
	<longitude>-105.93333</longitude>
	<observation_time>Last Updated on Apr 8 2017, 1:00 pm CST</observation_time>
        <observation_time_rfc822>Sat, 08 Apr 2017 13:00:00 -0600</observation_time_rfc822>
	<weather>Windy</weather>
	<temperature_string>59.0 F (14.9 C)</temperature_string>
	<temp_f>59.0</temp_f>
	<temp_c>14.9</temp_c>
	<relative_humidity>25</relative_humidity>
	<wind_string>from the West at 27.6 gusting to 35.7 MPH (24 gusting to 31 KT)</wind_string>
	<wind_dir>West</wind_dir>
	<wind_degrees>270</wind_degrees>
	<wind_mph>27.6</wind_mph>
	<wind_gust_mph>35.7</wind_gust_mph>
	<wind_kt>24</wind_kt>
	<wind_gust_kt>31</wind_gust_kt>
	<pressure_string>999.7 mb</pressure_string>
	<pressure_mb>999.7</pressure_mb>
	<dewpoint_string>22.6 F (-5.2 C)</dewpoint_string>
	<dewpoint_f>22.6</dewpoint_f>
	<dewpoint_c>-5.2</dewpoint_c>
	<windchill_string>55 F (13 C)</windchill_string>
      	<windchill_f>55</windchill_f>
      	<windchill_c>13</windchill_c>
 	<icon_url_base>http://forecast.weather.gov/images/wtf/small/</icon_url_base>
	<two_day_history_url>http://www.weather.gov/data/obhistory/CWJI.html</two_day_history_url>
	<icon_url_name>wind.png</icon_url_name>
	<ob_url>http://www.weather.gov/data/METAR/CWJI.1.txt</ob_url>
	<disclaimer_url>http://weather.gov/disclaimer.html</disclaimer_url>
	<copyright_url>http://weather.gov/disclaimer.html</copyright_url>
	<privacy_policy_url>http://weather.gov/notice.html</privacy_policy_url>
</current_observation>
