<?xml version="1.0" encoding="ISO-8859-1"?> 
<?xml-stylesheet href="latest_ob.xsl" type="text/xsl"?>
<current_observation version="1.0"
	 xmlns:xsd="http://www.w3.org/2001/XMLSchema"
	 xmlns:xsi="http://www.w3.org/2001/XMLSchema-instance"
	 xsi:noNamespaceSchemaLocation="http://www.weather.gov/view/current_observation.xsd">
	<credit>NOAA's National Weather Service</credit>
	<credit_URL>http://weather.gov/</credit_URL>
	<image>
		<url>http://weather.gov/images/xml_logo.gif</url>
		<title>NOAA's National Weather Service</title>
		<link>http://weather.gov</link>
	</image>
	<suggested_pickup>15 minutes after the hour</suggested_pickup>
	<suggested_pickup_period>60</suggested_pickup_period>
	<location>Jonquiere Automated Reporting Station, QC</location>
	<station_id>CWJO</station_id>
	<latitude>48.41667</latitude>
	<longitude>-71.21667</longitude>
	<observation_time>Last Updated on Apr 8 2017, 3:00 pm EDT</observation_time>
        <observation_time_rfc822>Sat, 08 Apr 2017 15:00:00 -0400</observation_time_rfc822>
	<temperature_string>39.0 F (4.1 C)</temperature_string>
	<temp_f>39.0</temp_f>
	<temp_c>4.1</temp_c>
	<relative_humidity>66</relative_humidity>
	<wind_string>from the Northwest at 15.0 gusting to 23.0 MPH (13 gusting to 20 KT)</wind_string>
	<wind_dir>Northwest</wind_dir>
	<wind_degrees>320</wind_degrees>
	<wind_mph>15.0</wind_mph>
	<wind_gust_mph>23.0</wind_gust_mph>
	<wind_kt>13</wind_kt>
	<wind_gust_kt>20</wind_gust_kt>
	<pressure_string>1001.3 mb</pressure_string>
	<pressure_mb>1001.3</pressure_mb>
	<dewpoint_string>28.8 F (-1.8 C)</dewpoint_string>
	<dewpoint_f>28.8</dewpoint_f>
	<dewpoint_c>-1.8</dewpoint_c>
	<windchill_string>31 F (-1 C)</windchill_string>
      	<windchill_f>31</windchill_f>
      	<windchill_c>-1</windchill_c>
	<two_day_history_url>http://www.weather.gov/data/obhistory/CWJO.html</two_day_history_url>
	<ob_url>http://www.weather.gov/data/METAR/CWJO.1.txt</ob_url>
	<disclaimer_url>http://weather.gov/disclaimer.html</disclaimer_url>
	<copyright_url>http://weather.gov/disclaimer.html</copyright_url>
	<privacy_policy_url>http://weather.gov/notice.html</privacy_policy_url>
</current_observation>
