<?xml version="1.0" encoding="ISO-8859-1"?> 
<?xml-stylesheet href="latest_ob.xsl" type="text/xsl"?>
<current_observation version="1.0"
	 xmlns:xsd="http://www.w3.org/2001/XMLSchema"
	 xmlns:xsi="http://www.w3.org/2001/XMLSchema-instance"
	 xsi:noNamespaceSchemaLocation="http://www.weather.gov/view/current_observation.xsd">
	<credit>NOAA's National Weather Service</credit>
	<credit_URL>http://weather.gov/</credit_URL>
	<image>
		<url>http://weather.gov/images/xml_logo.gif</url>
		<title>NOAA's National Weather Service</title>
		<link>http://weather.gov</link>
	</image>
	<suggested_pickup>15 minutes after the hour</suggested_pickup>
	<suggested_pickup_period>60</suggested_pickup_period>
	<location>Jasper Warden Automated Reporting Station, AB</location>
	<station_id>CWJW</station_id>
	<latitude>52.93333</latitude>
	<longitude>-118.31667</longitude>
	<observation_time>Last Updated on Apr 8 2017, 1:00 pm MDT</observation_time>
        <observation_time_rfc822>Sat, 08 Apr 2017 13:00:00 -0600</observation_time_rfc822>
	<temperature_string>47.0 F (8.1 C)</temperature_string>
	<temp_f>47.0</temp_f>
	<temp_c>8.1</temp_c>
	<relative_humidity>43</relative_humidity>
	<wind_string>South at 5.8 MPH (5 KT)</wind_string>
	<wind_dir>South</wind_dir>
	<wind_degrees>200</wind_degrees>
	<wind_mph>5.8</wind_mph>
	<wind_kt>5</wind_kt>
	<pressure_string>1003.7 mb</pressure_string>
	<pressure_mb>1003.7</pressure_mb>
	<dewpoint_string>24.8 F (-4.0 C)</dewpoint_string>
	<dewpoint_f>24.8</dewpoint_f>
	<dewpoint_c>-4.0</dewpoint_c>
	<windchill_string>44 F (7 C)</windchill_string>
      	<windchill_f>44</windchill_f>
      	<windchill_c>7</windchill_c>
	<two_day_history_url>http://www.weather.gov/data/obhistory/CWJW.html</two_day_history_url>
	<ob_url>http://www.weather.gov/data/METAR/CWJW.1.txt</ob_url>
	<disclaimer_url>http://weather.gov/disclaimer.html</disclaimer_url>
	<copyright_url>http://weather.gov/disclaimer.html</copyright_url>
	<privacy_policy_url>http://weather.gov/notice.html</privacy_policy_url>
</current_observation>
