<?xml version="1.0" encoding="ISO-8859-1"?> 
<?xml-stylesheet href="latest_ob.xsl" type="text/xsl"?>
<current_observation version="1.0"
	 xmlns:xsd="http://www.w3.org/2001/XMLSchema"
	 xmlns:xsi="http://www.w3.org/2001/XMLSchema-instance"
	 xsi:noNamespaceSchemaLocation="http://www.weather.gov/view/current_observation.xsd">
	<credit>NOAA's National Weather Service</credit>
	<credit_URL>http://weather.gov/</credit_URL>
	<image>
		<url>http://weather.gov/images/xml_logo.gif</url>
		<title>NOAA's National Weather Service</title>
		<link>http://weather.gov</link>
	</image>
	<suggested_pickup>15 minutes after the hour</suggested_pickup>
	<suggested_pickup_period>60</suggested_pickup_period>
	<location>Bonnard 1, Que., QC</location>
	<station_id>CWKD</station_id>
	<latitude>50.73333</latitude>
	<longitude>-71.01667</longitude>
	<observation_time>Last Updated on Apr 8 2017, 3:00 pm EDT</observation_time>
        <observation_time_rfc822>Sat, 08 Apr 2017 15:00:00 -0400</observation_time_rfc822>
	<temperature_string>33.0 F (0.8 C)</temperature_string>
	<temp_f>33.0</temp_f>
	<temp_c>0.8</temp_c>
	<relative_humidity>77</relative_humidity>
	<wind_string>North at 8.1 MPH (7 KT)</wind_string>
	<wind_dir>North</wind_dir>
	<wind_degrees>10</wind_degrees>
	<wind_mph>8.1</wind_mph>
	<wind_kt>7</wind_kt>
	<pressure_string>1001.2 mb</pressure_string>
	<pressure_mb>1001.2</pressure_mb>
	<dewpoint_string>26.8 F (-2.9 C)</dewpoint_string>
	<dewpoint_f>26.8</dewpoint_f>
	<dewpoint_c>-2.9</dewpoint_c>
	<windchill_string>26 F (-3 C)</windchill_string>
      	<windchill_f>26</windchill_f>
      	<windchill_c>-3</windchill_c>
	<two_day_history_url>http://www.weather.gov/data/obhistory/CWKD.html</two_day_history_url>
	<ob_url>http://www.weather.gov/data/METAR/CWKD.1.txt</ob_url>
	<disclaimer_url>http://weather.gov/disclaimer.html</disclaimer_url>
	<copyright_url>http://weather.gov/disclaimer.html</copyright_url>
	<privacy_policy_url>http://weather.gov/notice.html</privacy_policy_url>
</current_observation>
