<?xml version="1.0" encoding="ISO-8859-1"?> 
<?xml-stylesheet href="latest_ob.xsl" type="text/xsl"?>
<current_observation version="1.0"
	 xmlns:xsd="http://www.w3.org/2001/XMLSchema"
	 xmlns:xsi="http://www.w3.org/2001/XMLSchema-instance"
	 xsi:noNamespaceSchemaLocation="http://www.weather.gov/view/current_observation.xsd">
	<credit>NOAA's National Weather Service</credit>
	<credit_URL>http://weather.gov/</credit_URL>
	<image>
		<url>http://weather.gov/images/xml_logo.gif</url>
		<title>NOAA's National Weather Service</title>
		<link>http://weather.gov</link>
	</image>
	<suggested_pickup>15 minutes after the hour</suggested_pickup>
	<suggested_pickup_period>60</suggested_pickup_period>
	<location>Lucy Island, BC</location>
	<station_id>CWLC</station_id>
	<latitude>54.29602</latitude>
	<longitude>-130.60793</longitude>
	<observation_time>Last Updated on Apr 8 2017, 12:00 pm PDT</observation_time>
        <observation_time_rfc822>Sat, 08 Apr 2017 12:00:00 -0700</observation_time_rfc822>
	<temperature_string>45.0 F (7.2 C)</temperature_string>
	<temp_f>45.0</temp_f>
	<temp_c>7.2</temp_c>
	<relative_humidity>90</relative_humidity>
	<wind_string>Southeast at 12.7 MPH (11 KT)</wind_string>
	<wind_dir>Southeast</wind_dir>
	<wind_degrees>140</wind_degrees>
	<wind_mph>12.7</wind_mph>
	<wind_kt>11</wind_kt>
	<dewpoint_string>42.1 F (5.6 C)</dewpoint_string>
	<dewpoint_f>42.1</dewpoint_f>
	<dewpoint_c>5.6</dewpoint_c>
	<windchill_string>39 F (4 C)</windchill_string>
      	<windchill_f>39</windchill_f>
      	<windchill_c>4</windchill_c>
	<two_day_history_url>http://www.weather.gov/data/obhistory/CWLC.html</two_day_history_url>
	<ob_url>http://www.weather.gov/data/METAR/CWLC.1.txt</ob_url>
	<disclaimer_url>http://weather.gov/disclaimer.html</disclaimer_url>
	<copyright_url>http://weather.gov/disclaimer.html</copyright_url>
	<privacy_policy_url>http://weather.gov/notice.html</privacy_policy_url>
</current_observation>
