<?xml version="1.0" encoding="ISO-8859-1"?> 
<?xml-stylesheet href="latest_ob.xsl" type="text/xsl"?>
<current_observation version="1.0"
	 xmlns:xsd="http://www.w3.org/2001/XMLSchema"
	 xmlns:xsi="http://www.w3.org/2001/XMLSchema-instance"
	 xsi:noNamespaceSchemaLocation="http://www.weather.gov/view/current_observation.xsd">
	<credit>NOAA's National Weather Service</credit>
	<credit_URL>http://weather.gov/</credit_URL>
	<image>
		<url>http://weather.gov/images/xml_logo.gif</url>
		<title>NOAA's National Weather Service</title>
		<link>http://weather.gov</link>
	</image>
	<suggested_pickup>15 minutes after the hour</suggested_pickup>
	<suggested_pickup_period>60</suggested_pickup_period>
	<location>Lucky Lake Automatic Weather Reporting System, SK</location>
	<station_id>CWLE</station_id>
	<latitude>50.95088</latitude>
	<longitude>-107.14296</longitude>
	<observation_time>Last Updated on Apr 8 2017, 1:00 pm CST</observation_time>
        <observation_time_rfc822>Sat, 08 Apr 2017 13:00:00 -0600</observation_time_rfc822>
	<weather>Windy</weather>
	<temperature_string>55.0 F (12.7 C)</temperature_string>
	<temp_f>55.0</temp_f>
	<temp_c>12.7</temp_c>
	<relative_humidity>48</relative_humidity>
	<wind_string>from the West at 34.5 gusting to 42.6 MPH (30 gusting to 37 KT)</wind_string>
	<wind_dir>West</wind_dir>
	<wind_degrees>280</wind_degrees>
	<wind_mph>34.5</wind_mph>
	<wind_gust_mph>42.6</wind_gust_mph>
	<wind_kt>30</wind_kt>
	<wind_gust_kt>37</wind_gust_kt>
	<pressure_string>997.9 mb</pressure_string>
	<pressure_mb>997.9</pressure_mb>
	<dewpoint_string>35.2 F (1.8 C)</dewpoint_string>
	<dewpoint_f>35.2</dewpoint_f>
	<dewpoint_c>1.8</dewpoint_c>
	<windchill_string>48 F (9 C)</windchill_string>
      	<windchill_f>48</windchill_f>
      	<windchill_c>9</windchill_c>
 	<icon_url_base>http://forecast.weather.gov/images/wtf/small/</icon_url_base>
	<two_day_history_url>http://www.weather.gov/data/obhistory/CWLE.html</two_day_history_url>
	<icon_url_name>wind.png</icon_url_name>
	<ob_url>http://www.weather.gov/data/METAR/CWLE.1.txt</ob_url>
	<disclaimer_url>http://weather.gov/disclaimer.html</disclaimer_url>
	<copyright_url>http://weather.gov/disclaimer.html</copyright_url>
	<privacy_policy_url>http://weather.gov/notice.html</privacy_policy_url>
</current_observation>
