<?xml version="1.0" encoding="ISO-8859-1"?> 
<?xml-stylesheet href="latest_ob.xsl" type="text/xsl"?>
<current_observation version="1.0"
	 xmlns:xsd="http://www.w3.org/2001/XMLSchema"
	 xmlns:xsi="http://www.w3.org/2001/XMLSchema-instance"
	 xsi:noNamespaceSchemaLocation="http://www.weather.gov/view/current_observation.xsd">
	<credit>NOAA's National Weather Service</credit>
	<credit_URL>http://weather.gov/</credit_URL>
	<image>
		<url>http://weather.gov/images/xml_logo.gif</url>
		<title>NOAA's National Weather Service</title>
		<link>http://weather.gov</link>
	</image>
	<suggested_pickup>15 minutes after the hour</suggested_pickup>
	<suggested_pickup_period>60</suggested_pickup_period>
	<location>Onefour Automatic Weather Reporting System, AB</location>
	<station_id>CWOE</station_id>
	<latitude>49.11667</latitude>
	<longitude>-110.46667</longitude>
	<observation_time>Last Updated on Apr 8 2017, 1:00 pm MDT</observation_time>
        <observation_time_rfc822>Sat, 08 Apr 2017 13:00:00 -0600</observation_time_rfc822>
	<weather>Breezy</weather>
	<temperature_string>57.0 F (13.9 C)</temperature_string>
	<temp_f>57.0</temp_f>
	<temp_c>13.9</temp_c>
	<relative_humidity>17</relative_humidity>
	<wind_string>from the West at 24.2 gusting to 31.1 MPH (21 gusting to 27 KT)</wind_string>
	<wind_dir>West</wind_dir>
	<wind_degrees>280</wind_degrees>
	<wind_mph>24.2</wind_mph>
	<wind_gust_mph>31.1</wind_gust_mph>
	<wind_kt>21</wind_kt>
	<wind_gust_kt>27</wind_gust_kt>
	<pressure_string>1001.9 mb</pressure_string>
	<pressure_mb>1001.9</pressure_mb>
	<dewpoint_string>11.8 F (-11.2 C)</dewpoint_string>
	<dewpoint_f>11.8</dewpoint_f>
	<dewpoint_c>-11.2</dewpoint_c>
	<windchill_string>52 F (11 C)</windchill_string>
      	<windchill_f>52</windchill_f>
      	<windchill_c>11</windchill_c>
 	<icon_url_base>http://forecast.weather.gov/images/wtf/small/</icon_url_base>
	<two_day_history_url>http://www.weather.gov/data/obhistory/CWOE.html</two_day_history_url>
	<icon_url_name>wind.png</icon_url_name>
	<ob_url>http://www.weather.gov/data/METAR/CWOE.1.txt</ob_url>
	<disclaimer_url>http://weather.gov/disclaimer.html</disclaimer_url>
	<copyright_url>http://weather.gov/disclaimer.html</copyright_url>
	<privacy_policy_url>http://weather.gov/notice.html</privacy_policy_url>
</current_observation>
