<?xml version="1.0" encoding="ISO-8859-1"?> 
<?xml-stylesheet href="latest_ob.xsl" type="text/xsl"?>
<current_observation version="1.0"
	 xmlns:xsd="http://www.w3.org/2001/XMLSchema"
	 xmlns:xsi="http://www.w3.org/2001/XMLSchema-instance"
	 xsi:noNamespaceSchemaLocation="http://www.weather.gov/view/current_observation.xsd">
	<credit>NOAA's National Weather Service</credit>
	<credit_URL>http://weather.gov/</credit_URL>
	<image>
		<url>http://weather.gov/images/xml_logo.gif</url>
		<title>NOAA's National Weather Service</title>
		<link>http://weather.gov</link>
	</image>
	<suggested_pickup>15 minutes after the hour</suggested_pickup>
	<suggested_pickup_period>60</suggested_pickup_period>
	<location>Wynyard Marine Aviation Reporting Station, SK</location>
	<station_id>CWOY</station_id>
	<latitude>51.76667</latitude>
	<longitude>-104.21667</longitude>
	<observation_time>Last Updated on Apr 8 2017, 1:00 pm CST</observation_time>
        <observation_time_rfc822>Sat, 08 Apr 2017 13:00:00 -0600</observation_time_rfc822>
	<temperature_string>54.0 F (12.0 C)</temperature_string>
	<temp_f>54.0</temp_f>
	<temp_c>12.0</temp_c>
	<relative_humidity>53</relative_humidity>
	<wind_string>from the West at 19.6 gusting to 33.4 MPH (17 gusting to 29 KT)</wind_string>
	<wind_dir>West</wind_dir>
	<wind_degrees>260</wind_degrees>
	<wind_mph>19.6</wind_mph>
	<wind_gust_mph>33.4</wind_gust_mph>
	<wind_kt>17</wind_kt>
	<wind_gust_kt>29</wind_gust_kt>
	<pressure_string>995.3 mb</pressure_string>
	<pressure_mb>995.3</pressure_mb>
	<dewpoint_string>36.9 F (2.7 C)</dewpoint_string>
	<dewpoint_f>36.9</dewpoint_f>
	<dewpoint_c>2.7</dewpoint_c>
	<windchill_string>49 F (9 C)</windchill_string>
      	<windchill_f>49</windchill_f>
      	<windchill_c>9</windchill_c>
	<two_day_history_url>http://www.weather.gov/data/obhistory/CWOY.html</two_day_history_url>
	<ob_url>http://www.weather.gov/data/METAR/CWOY.1.txt</ob_url>
	<disclaimer_url>http://weather.gov/disclaimer.html</disclaimer_url>
	<copyright_url>http://weather.gov/disclaimer.html</copyright_url>
	<privacy_policy_url>http://weather.gov/notice.html</privacy_policy_url>
</current_observation>
