<?xml version="1.0" encoding="ISO-8859-1"?> 
<?xml-stylesheet href="latest_ob.xsl" type="text/xsl"?>
<current_observation version="1.0"
	 xmlns:xsd="http://www.w3.org/2001/XMLSchema"
	 xmlns:xsi="http://www.w3.org/2001/XMLSchema-instance"
	 xsi:noNamespaceSchemaLocation="http://www.weather.gov/view/current_observation.xsd">
	<credit>NOAA's National Weather Service</credit>
	<credit_URL>http://weather.gov/</credit_URL>
	<image>
		<url>http://weather.gov/images/xml_logo.gif</url>
		<title>NOAA's National Weather Service</title>
		<link>http://weather.gov</link>
	</image>
	<suggested_pickup>15 minutes after the hour</suggested_pickup>
	<suggested_pickup_period>60</suggested_pickup_period>
	<location>Kindakun Rocks, B. C., BC</location>
	<station_id>CWQS</station_id>
	<latitude>53.31667</latitude>
	<longitude>-132.75</longitude>
	<observation_time>Last Updated on Apr 8 2017, 12:00 pm PDT</observation_time>
        <observation_time_rfc822>Sat, 08 Apr 2017 12:00:00 -0700</observation_time_rfc822>
	<temperature_string>44.0 F (6.4 C)</temperature_string>
	<temp_f>44.0</temp_f>
	<temp_c>6.4</temp_c>
	<relative_humidity>90</relative_humidity>
	<wind_string>West at 5.8 MPH (5 KT)</wind_string>
	<wind_dir>West</wind_dir>
	<wind_degrees>270</wind_degrees>
	<wind_mph>5.8</wind_mph>
	<wind_kt>5</wind_kt>
	<pressure_string>1000.5 mb</pressure_string>
	<pressure_mb>1000.5</pressure_mb>
	<dewpoint_string>40.8 F (4.9 C)</dewpoint_string>
	<dewpoint_f>40.8</dewpoint_f>
	<dewpoint_c>4.9</dewpoint_c>
	<windchill_string>41 F (5 C)</windchill_string>
      	<windchill_f>41</windchill_f>
      	<windchill_c>5</windchill_c>
	<two_day_history_url>http://www.weather.gov/data/obhistory/CWQS.html</two_day_history_url>
	<ob_url>http://www.weather.gov/data/METAR/CWQS.1.txt</ob_url>
	<disclaimer_url>http://weather.gov/disclaimer.html</disclaimer_url>
	<copyright_url>http://weather.gov/disclaimer.html</copyright_url>
	<privacy_policy_url>http://weather.gov/notice.html</privacy_policy_url>
</current_observation>
