<?xml version="1.0" encoding="ISO-8859-1"?> 
<?xml-stylesheet href="latest_ob.xsl" type="text/xsl"?>
<current_observation version="1.0"
	 xmlns:xsd="http://www.w3.org/2001/XMLSchema"
	 xmlns:xsi="http://www.w3.org/2001/XMLSchema-instance"
	 xsi:noNamespaceSchemaLocation="http://www.weather.gov/view/current_observation.xsd">
	<credit>NOAA's National Weather Service</credit>
	<credit_URL>http://weather.gov/</credit_URL>
	<image>
		<url>http://weather.gov/images/xml_logo.gif</url>
		<title>NOAA's National Weather Service</title>
		<link>http://weather.gov</link>
	</image>
	<suggested_pickup>15 minutes after the hour</suggested_pickup>
	<suggested_pickup_period>60</suggested_pickup_period>
	<location>Cape Race, Nfld, NF</location>
	<station_id>CWRA</station_id>
	<latitude>46.65</latitude>
	<longitude>-53.06667</longitude>
	<observation_time>Last Updated on Apr 8 2017, 4:00 pm ZDT</observation_time>
        <observation_time_rfc822>Sat, 08 Apr 2017 16:00:00 +0100</observation_time_rfc822>
	<weather>Breezy</weather>
	<temperature_string>40.0 F (4.2 C)</temperature_string>
	<temp_f>40.0</temp_f>
	<temp_c>4.2</temp_c>
	<relative_humidity>100</relative_humidity>
	<wind_string>from the South at 23.0 gusting to 28.8 MPH (20 gusting to 25 KT)</wind_string>
	<wind_dir>South</wind_dir>
	<wind_degrees>180</wind_degrees>
	<wind_mph>23.0</wind_mph>
	<wind_gust_mph>28.8</wind_gust_mph>
	<wind_kt>20</wind_kt>
	<wind_gust_kt>25</wind_gust_kt>
	<pressure_string>1009.8 mb</pressure_string>
	<pressure_mb>1009.8</pressure_mb>
	<dewpoint_string>39.6 F (4.2 C)</dewpoint_string>
	<dewpoint_f>39.6</dewpoint_f>
	<dewpoint_c>4.2</dewpoint_c>
	<windchill_string>30 F (-1 C)</windchill_string>
      	<windchill_f>30</windchill_f>
      	<windchill_c>-1</windchill_c>
 	<icon_url_base>http://forecast.weather.gov/images/wtf/small/</icon_url_base>
	<two_day_history_url>http://www.weather.gov/data/obhistory/CWRA.html</two_day_history_url>
	<icon_url_name>wind.png</icon_url_name>
	<ob_url>http://www.weather.gov/data/METAR/CWRA.1.txt</ob_url>
	<disclaimer_url>http://weather.gov/disclaimer.html</disclaimer_url>
	<copyright_url>http://weather.gov/disclaimer.html</copyright_url>
	<privacy_policy_url>http://weather.gov/notice.html</privacy_policy_url>
</current_observation>
