<?xml version="1.0" encoding="ISO-8859-1"?> 
<?xml-stylesheet href="latest_ob.xsl" type="text/xsl"?>
<current_observation version="1.0"
	 xmlns:xsd="http://www.w3.org/2001/XMLSchema"
	 xmlns:xsi="http://www.w3.org/2001/XMLSchema-instance"
	 xsi:noNamespaceSchemaLocation="http://www.weather.gov/view/current_observation.xsd">
	<credit>NOAA's National Weather Service</credit>
	<credit_URL>http://weather.gov/</credit_URL>
	<image>
		<url>http://weather.gov/images/xml_logo.gif</url>
		<title>NOAA's National Weather Service</title>
		<link>http://weather.gov</link>
	</image>
	<suggested_pickup>15 minutes after the hour</suggested_pickup>
	<suggested_pickup_period>60</suggested_pickup_period>
	<location>Rosetown East, Sask, SK</location>
	<station_id>CWRJ</station_id>
	<latitude>51.56667</latitude>
	<longitude>-107.91667</longitude>
	<observation_time>Last Updated on Apr 8 2017, 1:00 pm CST</observation_time>
        <observation_time_rfc822>Sat, 08 Apr 2017 13:00:00 -0600</observation_time_rfc822>
	<temperature_string>43.0 F (6.3 C)</temperature_string>
	<temp_f>43.0</temp_f>
	<temp_c>6.3</temp_c>
	<relative_humidity>71</relative_humidity>
	<wind_string>from the West at 16.1 gusting to 24.2 MPH (14 gusting to 21 KT)</wind_string>
	<wind_dir>West</wind_dir>
	<wind_degrees>280</wind_degrees>
	<wind_mph>16.1</wind_mph>
	<wind_gust_mph>24.2</wind_gust_mph>
	<wind_kt>14</wind_kt>
	<wind_gust_kt>21</wind_gust_kt>
	<pressure_string>999.2 mb</pressure_string>
	<pressure_mb>999.2</pressure_mb>
	<dewpoint_string>34.5 F (1.4 C)</dewpoint_string>
	<dewpoint_f>34.5</dewpoint_f>
	<dewpoint_c>1.4</dewpoint_c>
	<windchill_string>35 F (2 C)</windchill_string>
      	<windchill_f>35</windchill_f>
      	<windchill_c>2</windchill_c>
	<two_day_history_url>http://www.weather.gov/data/obhistory/CWRJ.html</two_day_history_url>
	<ob_url>http://www.weather.gov/data/METAR/CWRJ.1.txt</ob_url>
	<disclaimer_url>http://weather.gov/disclaimer.html</disclaimer_url>
	<copyright_url>http://weather.gov/disclaimer.html</copyright_url>
	<privacy_policy_url>http://weather.gov/notice.html</privacy_policy_url>
</current_observation>
