<?xml version="1.0" encoding="ISO-8859-1"?> 
<?xml-stylesheet href="latest_ob.xsl" type="text/xsl"?>
<current_observation version="1.0"
	 xmlns:xsd="http://www.w3.org/2001/XMLSchema"
	 xmlns:xsi="http://www.w3.org/2001/XMLSchema-instance"
	 xsi:noNamespaceSchemaLocation="http://www.weather.gov/view/current_observation.xsd">
	<credit>NOAA's National Weather Service</credit>
	<credit_URL>http://weather.gov/</credit_URL>
	<image>
		<url>http://weather.gov/images/xml_logo.gif</url>
		<title>NOAA's National Weather Service</title>
		<link>http://weather.gov</link>
	</image>
	<suggested_pickup>15 minutes after the hour</suggested_pickup>
	<suggested_pickup_period>60</suggested_pickup_period>
	<location>Milk River, AB</location>
	<station_id>CWRY</station_id>
	<latitude>49.13333</latitude>
	<longitude>-112.05</longitude>
	<observation_time>Last Updated on Apr 8 2017, 1:00 pm MDT</observation_time>
        <observation_time_rfc822>Sat, 08 Apr 2017 13:00:00 -0600</observation_time_rfc822>
	<weather>Breezy</weather>
	<temperature_string>56.0 F (13.2 C)</temperature_string>
	<temp_f>56.0</temp_f>
	<temp_c>13.2</temp_c>
	<relative_humidity>17</relative_humidity>
	<wind_string>from the West at 20.7 gusting to 28.8 MPH (18 gusting to 25 KT)</wind_string>
	<wind_dir>West</wind_dir>
	<wind_degrees>290</wind_degrees>
	<wind_mph>20.7</wind_mph>
	<wind_gust_mph>28.8</wind_gust_mph>
	<wind_kt>18</wind_kt>
	<wind_gust_kt>25</wind_gust_kt>
	<pressure_string>1002.3 mb</pressure_string>
	<pressure_mb>1002.3</pressure_mb>
	<dewpoint_string>12.0 F (-11.1 C)</dewpoint_string>
	<dewpoint_f>12.0</dewpoint_f>
	<dewpoint_c>-11.1</dewpoint_c>
	<windchill_string>51 F (11 C)</windchill_string>
      	<windchill_f>51</windchill_f>
      	<windchill_c>11</windchill_c>
 	<icon_url_base>http://forecast.weather.gov/images/wtf/small/</icon_url_base>
	<two_day_history_url>http://www.weather.gov/data/obhistory/CWRY.html</two_day_history_url>
	<icon_url_name>wind.png</icon_url_name>
	<ob_url>http://www.weather.gov/data/METAR/CWRY.1.txt</ob_url>
	<disclaimer_url>http://weather.gov/disclaimer.html</disclaimer_url>
	<copyright_url>http://weather.gov/disclaimer.html</copyright_url>
	<privacy_policy_url>http://weather.gov/notice.html</privacy_policy_url>
</current_observation>
