<?xml version="1.0" encoding="ISO-8859-1"?> 
<?xml-stylesheet href="latest_ob.xsl" type="text/xsl"?>
<current_observation version="1.0"
	 xmlns:xsd="http://www.w3.org/2001/XMLSchema"
	 xmlns:xsi="http://www.w3.org/2001/XMLSchema-instance"
	 xsi:noNamespaceSchemaLocation="http://www.weather.gov/view/current_observation.xsd">
	<credit>NOAA's National Weather Service</credit>
	<credit_URL>http://weather.gov/</credit_URL>
	<image>
		<url>http://weather.gov/images/xml_logo.gif</url>
		<title>NOAA's National Weather Service</title>
		<link>http://weather.gov</link>
	</image>
	<suggested_pickup>15 minutes after the hour</suggested_pickup>
	<suggested_pickup_period>60</suggested_pickup_period>
	<location>Sheringham Automatic Weather Reporting System, BC</location>
	<station_id>CWSP</station_id>
	<latitude>48.38333</latitude>
	<longitude>-123.91667</longitude>
	<observation_time>Last Updated on Apr 8 2017, 12:00 pm PDT</observation_time>
        <observation_time_rfc822>Sat, 08 Apr 2017 12:00:00 -0700</observation_time_rfc822>
	<temperature_string>44.0 F (6.6 C)</temperature_string>
	<temp_f>44.0</temp_f>
	<temp_c>6.6</temp_c>
	<relative_humidity>92</relative_humidity>
	<wind_string>Northwest at 2.3 MPH (2 KT)</wind_string>
	<wind_dir>Northwest</wind_dir>
	<wind_degrees>320</wind_degrees>
	<wind_mph>2.3</wind_mph>
	<wind_kt>2</wind_kt>
	<pressure_string>1011.5 mb</pressure_string>
	<pressure_mb>1011.5</pressure_mb>
	<dewpoint_string>41.5 F (5.3 C)</dewpoint_string>
	<dewpoint_f>41.5</dewpoint_f>
	<dewpoint_c>5.3</dewpoint_c>
	<two_day_history_url>http://www.weather.gov/data/obhistory/CWSP.html</two_day_history_url>
	<ob_url>http://www.weather.gov/data/METAR/CWSP.1.txt</ob_url>
	<disclaimer_url>http://weather.gov/disclaimer.html</disclaimer_url>
	<copyright_url>http://weather.gov/disclaimer.html</copyright_url>
	<privacy_policy_url>http://weather.gov/notice.html</privacy_policy_url>
</current_observation>
