<?xml version="1.0" encoding="ISO-8859-1"?> 
<?xml-stylesheet href="latest_ob.xsl" type="text/xsl"?>
<current_observation version="1.0"
	 xmlns:xsd="http://www.w3.org/2001/XMLSchema"
	 xmlns:xsi="http://www.w3.org/2001/XMLSchema-instance"
	 xsi:noNamespaceSchemaLocation="http://www.weather.gov/view/current_observation.xsd">
	<credit>NOAA's National Weather Service</credit>
	<credit_URL>http://weather.gov/</credit_URL>
	<image>
		<url>http://weather.gov/images/xml_logo.gif</url>
		<title>NOAA's National Weather Service</title>
		<link>http://weather.gov</link>
	</image>
	<suggested_pickup>15 minutes after the hour</suggested_pickup>
	<suggested_pickup_period>60</suggested_pickup_period>
	<location>St. Stephen, N. B., NB</location>
	<station_id>CWSS</station_id>
	<latitude>45.21667</latitude>
	<longitude>-67.25</longitude>
	<observation_time>Last Updated on Apr 8 2017, 4:00 pm ADT</observation_time>
        <observation_time_rfc822>Sat, 08 Apr 2017 16:00:00 -0300</observation_time_rfc822>
	<temperature_string>44.0 F (6.5 C)</temperature_string>
	<temp_f>44.0</temp_f>
	<temp_c>6.5</temp_c>
	<relative_humidity>79</relative_humidity>
	<wind_string>West at 8.1 MPH (7 KT)</wind_string>
	<wind_dir>West</wind_dir>
	<wind_degrees>260</wind_degrees>
	<wind_mph>8.1</wind_mph>
	<wind_kt>7</wind_kt>
	<pressure_string>997.9 mb</pressure_string>
	<pressure_mb>997.9</pressure_mb>
	<dewpoint_string>37.6 F (3.1 C)</dewpoint_string>
	<dewpoint_f>37.6</dewpoint_f>
	<dewpoint_c>3.1</dewpoint_c>
	<windchill_string>39 F (4 C)</windchill_string>
      	<windchill_f>39</windchill_f>
      	<windchill_c>4</windchill_c>
	<two_day_history_url>http://www.weather.gov/data/obhistory/CWSS.html</two_day_history_url>
	<ob_url>http://www.weather.gov/data/METAR/CWSS.1.txt</ob_url>
	<disclaimer_url>http://weather.gov/disclaimer.html</disclaimer_url>
	<copyright_url>http://weather.gov/disclaimer.html</copyright_url>
	<privacy_policy_url>http://weather.gov/notice.html</privacy_policy_url>
</current_observation>
