<?xml version="1.0" encoding="ISO-8859-1"?> 
<?xml-stylesheet href="latest_ob.xsl" type="text/xsl"?>
<current_observation version="1.0"
	 xmlns:xsd="http://www.w3.org/2001/XMLSchema"
	 xmlns:xsi="http://www.w3.org/2001/XMLSchema-instance"
	 xsi:noNamespaceSchemaLocation="http://www.weather.gov/view/current_observation.xsd">
	<credit>NOAA's National Weather Service</credit>
	<credit_URL>http://weather.gov/</credit_URL>
	<image>
		<url>http://weather.gov/images/xml_logo.gif</url>
		<title>NOAA's National Weather Service</title>
		<link>http://weather.gov</link>
	</image>
	<suggested_pickup>15 minutes after the hour</suggested_pickup>
	<suggested_pickup_period>60</suggested_pickup_period>
	<location>La Pocatiere, QC</location>
	<station_id>CWST</station_id>
	<latitude>47.35454</latitude>
	<longitude>-70.02997</longitude>
	<observation_time>Last Updated on Apr 8 2017, 3:00 pm EDT</observation_time>
        <observation_time_rfc822>Sat, 08 Apr 2017 15:00:00 -0400</observation_time_rfc822>
	<temperature_string>38.0 F (3.2 C)</temperature_string>
	<temp_f>38.0</temp_f>
	<temp_c>3.2</temp_c>
	<relative_humidity>76</relative_humidity>
	<wind_string>Southwest at 6.9 MPH (6 KT)</wind_string>
	<wind_dir>Southwest</wind_dir>
	<wind_degrees>230</wind_degrees>
	<wind_mph>6.9</wind_mph>
	<wind_kt>6</wind_kt>
	<pressure_string>998.2 mb</pressure_string>
	<pressure_mb>998.2</pressure_mb>
	<dewpoint_string>30.7 F (-0.7 C)</dewpoint_string>
	<dewpoint_f>30.7</dewpoint_f>
	<dewpoint_c>-0.7</dewpoint_c>
	<windchill_string>33 F (1 C)</windchill_string>
      	<windchill_f>33</windchill_f>
      	<windchill_c>1</windchill_c>
	<two_day_history_url>http://www.weather.gov/data/obhistory/CWST.html</two_day_history_url>
	<ob_url>http://www.weather.gov/data/METAR/CWST.1.txt</ob_url>
	<disclaimer_url>http://weather.gov/disclaimer.html</disclaimer_url>
	<copyright_url>http://weather.gov/disclaimer.html</copyright_url>
	<privacy_policy_url>http://weather.gov/notice.html</privacy_policy_url>
</current_observation>
