<?xml version="1.0" encoding="ISO-8859-1"?> 
<?xml-stylesheet href="latest_ob.xsl" type="text/xsl"?>
<current_observation version="1.0"
	 xmlns:xsd="http://www.w3.org/2001/XMLSchema"
	 xmlns:xsi="http://www.w3.org/2001/XMLSchema-instance"
	 xsi:noNamespaceSchemaLocation="http://www.weather.gov/view/current_observation.xsd">
	<credit>NOAA's National Weather Service</credit>
	<credit_URL>http://weather.gov/</credit_URL>
	<image>
		<url>http://weather.gov/images/xml_logo.gif</url>
		<title>NOAA's National Weather Service</title>
		<link>http://weather.gov</link>
	</image>
	<suggested_pickup>15 minutes after the hour</suggested_pickup>
	<suggested_pickup_period>60</suggested_pickup_period>
	<location>Mc Tavish Automated Reporting Station, QC</location>
	<station_id>CWTA</station_id>
	<latitude>45.50614</latitude>
	<longitude>-73.57894</longitude>
	<observation_time>Last Updated on Apr 8 2017, 3:00 pm EDT</observation_time>
        <observation_time_rfc822>Sat, 08 Apr 2017 15:00:00 -0400</observation_time_rfc822>
	<temperature_string>42.0 F (5.3 C)</temperature_string>
	<temp_f>42.0</temp_f>
	<temp_c>5.3</temp_c>
	<relative_humidity>55</relative_humidity>
	<wind_string>from the North at 10.4 gusting to 23.0 MPH (9 gusting to 20 KT)</wind_string>
	<wind_dir>North</wind_dir>
	<wind_degrees>350</wind_degrees>
	<wind_mph>10.4</wind_mph>
	<wind_gust_mph>23.0</wind_gust_mph>
	<wind_kt>9</wind_kt>
	<wind_gust_kt>20</wind_gust_kt>
	<pressure_string>1007.4 mb</pressure_string>
	<pressure_mb>1007.4</pressure_mb>
	<dewpoint_string>26.4 F (-3.1 C)</dewpoint_string>
	<dewpoint_f>26.4</dewpoint_f>
	<dewpoint_c>-3.1</dewpoint_c>
	<windchill_string>36 F (2 C)</windchill_string>
      	<windchill_f>36</windchill_f>
      	<windchill_c>2</windchill_c>
	<two_day_history_url>http://www.weather.gov/data/obhistory/CWTA.html</two_day_history_url>
	<ob_url>http://www.weather.gov/data/METAR/CWTA.1.txt</ob_url>
	<disclaimer_url>http://weather.gov/disclaimer.html</disclaimer_url>
	<copyright_url>http://weather.gov/disclaimer.html</copyright_url>
	<privacy_policy_url>http://weather.gov/notice.html</privacy_policy_url>
</current_observation>
