<?xml version="1.0" encoding="ISO-8859-1"?> 
<?xml-stylesheet href="latest_ob.xsl" type="text/xsl"?>
<current_observation version="1.0"
	 xmlns:xsd="http://www.w3.org/2001/XMLSchema"
	 xmlns:xsi="http://www.w3.org/2001/XMLSchema-instance"
	 xsi:noNamespaceSchemaLocation="http://www.weather.gov/view/current_observation.xsd">
	<credit>NOAA's National Weather Service</credit>
	<credit_URL>http://weather.gov/</credit_URL>
	<image>
		<url>http://weather.gov/images/xml_logo.gif</url>
		<title>NOAA's National Weather Service</title>
		<link>http://weather.gov</link>
	</image>
	<suggested_pickup>15 minutes after the hour</suggested_pickup>
	<suggested_pickup_period>60</suggested_pickup_period>
	<location>Pointe-Des-Monts , Que., QC</location>
	<station_id>CWTG</station_id>
	<latitude>49.31667</latitude>
	<longitude>-67.38333</longitude>
	<observation_time>Last Updated on Apr 6 2017, 8:00 am EDT</observation_time>
        <observation_time_rfc822>Thu, 06 Apr 2017 08:00:00 -0400</observation_time_rfc822>
	<temperature_string>31.0 F (-0.5 C)</temperature_string>
	<temp_f>31.0</temp_f>
	<temp_c>-0.5</temp_c>
	<relative_humidity>100</relative_humidity>
	<wind_string>Northeast at 5.8 MPH (5 KT)</wind_string>
	<wind_dir>Northeast</wind_dir>
	<wind_degrees>50</wind_degrees>
	<wind_mph>5.8</wind_mph>
	<wind_kt>5</wind_kt>
	<pressure_string>1020.6 mb</pressure_string>
	<pressure_mb>1020.6</pressure_mb>
	<dewpoint_string>31.1 F (-0.5 C)</dewpoint_string>
	<dewpoint_f>31.1</dewpoint_f>
	<dewpoint_c>-0.5</dewpoint_c>
	<windchill_string>25 F (-4 C)</windchill_string>
      	<windchill_f>25</windchill_f>
      	<windchill_c>-4</windchill_c>
	<two_day_history_url>http://www.weather.gov/data/obhistory/CWTG.html</two_day_history_url>
	<ob_url>http://www.weather.gov/data/METAR/CWTG.1.txt</ob_url>
	<disclaimer_url>http://weather.gov/disclaimer.html</disclaimer_url>
	<copyright_url>http://weather.gov/disclaimer.html</copyright_url>
	<privacy_policy_url>http://weather.gov/notice.html</privacy_policy_url>
</current_observation>
