<?xml version="1.0" encoding="ISO-8859-1"?> 
<?xml-stylesheet href="latest_ob.xsl" type="text/xsl"?>
<current_observation version="1.0"
	 xmlns:xsd="http://www.w3.org/2001/XMLSchema"
	 xmlns:xsi="http://www.w3.org/2001/XMLSchema-instance"
	 xsi:noNamespaceSchemaLocation="http://www.weather.gov/view/current_observation.xsd">
	<credit>NOAA's National Weather Service</credit>
	<credit_URL>http://weather.gov/</credit_URL>
	<image>
		<url>http://weather.gov/images/xml_logo.gif</url>
		<title>NOAA's National Weather Service</title>
		<link>http://weather.gov</link>
	</image>
	<suggested_pickup>15 minutes after the hour</suggested_pickup>
	<suggested_pickup_period>60</suggested_pickup_period>
	<location>Ste Anne De Bell 1, QC</location>
	<station_id>CWVQ</station_id>
	<latitude>45.43333</latitude>
	<longitude>-73.93333</longitude>
	<observation_time>Last Updated on Apr 8 2017, 3:00 pm EDT</observation_time>
        <observation_time_rfc822>Sat, 08 Apr 2017 15:00:00 -0400</observation_time_rfc822>
	<temperature_string>42.0 F (5.7 C)</temperature_string>
	<temp_f>42.0</temp_f>
	<temp_c>5.7</temp_c>
	<relative_humidity>54</relative_humidity>
	<wind_string>Northwest at 15.0 MPH (13 KT)</wind_string>
	<wind_dir>Northwest</wind_dir>
	<wind_degrees>310</wind_degrees>
	<wind_mph>15.0</wind_mph>
	<wind_kt>13</wind_kt>
	<pressure_string>1007.9 mb</pressure_string>
	<pressure_mb>1007.9</pressure_mb>
	<dewpoint_string>26.8 F (-2.9 C)</dewpoint_string>
	<dewpoint_f>26.8</dewpoint_f>
	<dewpoint_c>-2.9</dewpoint_c>
	<windchill_string>34 F (1 C)</windchill_string>
      	<windchill_f>34</windchill_f>
      	<windchill_c>1</windchill_c>
	<two_day_history_url>http://www.weather.gov/data/obhistory/CWVQ.html</two_day_history_url>
	<ob_url>http://www.weather.gov/data/METAR/CWVQ.1.txt</ob_url>
	<disclaimer_url>http://weather.gov/disclaimer.html</disclaimer_url>
	<copyright_url>http://weather.gov/disclaimer.html</copyright_url>
	<privacy_policy_url>http://weather.gov/notice.html</privacy_policy_url>
</current_observation>
