<?xml version="1.0" encoding="ISO-8859-1"?> 
<?xml-stylesheet href="latest_ob.xsl" type="text/xsl"?>
<current_observation version="1.0"
	 xmlns:xsd="http://www.w3.org/2001/XMLSchema"
	 xmlns:xsi="http://www.w3.org/2001/XMLSchema-instance"
	 xsi:noNamespaceSchemaLocation="http://www.weather.gov/view/current_observation.xsd">
	<credit>NOAA's National Weather Service</credit>
	<credit_URL>http://weather.gov/</credit_URL>
	<image>
		<url>http://weather.gov/images/xml_logo.gif</url>
		<title>NOAA's National Weather Service</title>
		<link>http://weather.gov</link>
	</image>
	<suggested_pickup>15 minutes after the hour</suggested_pickup>
	<suggested_pickup_period>60</suggested_pickup_period>
	<location>Buffalo Narrows, Sask., SK</location>
	<station_id>CWVT</station_id>
	<latitude>55.83333</latitude>
	<longitude>-108.43333</longitude>
	<observation_time>Last Updated on Apr 8 2017, 1:00 pm CST</observation_time>
        <observation_time_rfc822>Sat, 08 Apr 2017 13:00:00 -0600</observation_time_rfc822>
	<temperature_string>31.0 F (-0.8 C)</temperature_string>
	<temp_f>31.0</temp_f>
	<temp_c>-0.8</temp_c>
	<relative_humidity>78</relative_humidity>
	<wind_string>from the North at 17.3 gusting to 23.0 MPH (15 gusting to 20 KT)</wind_string>
	<wind_dir>North</wind_dir>
	<wind_degrees>20</wind_degrees>
	<wind_mph>17.3</wind_mph>
	<wind_gust_mph>23.0</wind_gust_mph>
	<wind_kt>15</wind_kt>
	<wind_gust_kt>20</wind_gust_kt>
	<pressure_string>1005.1 mb</pressure_string>
	<pressure_mb>1005.1</pressure_mb>
	<dewpoint_string>24.4 F (-4.2 C)</dewpoint_string>
	<dewpoint_f>24.4</dewpoint_f>
	<dewpoint_c>-4.2</dewpoint_c>
	<windchill_string>20 F (-7 C)</windchill_string>
      	<windchill_f>20</windchill_f>
      	<windchill_c>-7</windchill_c>
	<two_day_history_url>http://www.weather.gov/data/obhistory/CWVT.html</two_day_history_url>
	<ob_url>http://www.weather.gov/data/METAR/CWVT.1.txt</ob_url>
	<disclaimer_url>http://weather.gov/disclaimer.html</disclaimer_url>
	<copyright_url>http://weather.gov/disclaimer.html</copyright_url>
	<privacy_policy_url>http://weather.gov/notice.html</privacy_policy_url>
</current_observation>
