<?xml version="1.0" encoding="ISO-8859-1"?> 
<?xml-stylesheet href="latest_ob.xsl" type="text/xsl"?>
<current_observation version="1.0"
	 xmlns:xsd="http://www.w3.org/2001/XMLSchema"
	 xmlns:xsi="http://www.w3.org/2001/XMLSchema-instance"
	 xsi:noNamespaceSchemaLocation="http://www.weather.gov/view/current_observation.xsd">
	<credit>NOAA's National Weather Service</credit>
	<credit_URL>http://weather.gov/</credit_URL>
	<image>
		<url>http://weather.gov/images/xml_logo.gif</url>
		<title>NOAA's National Weather Service</title>
		<link>http://weather.gov</link>
	</image>
	<suggested_pickup>15 minutes after the hour</suggested_pickup>
	<suggested_pickup_period>60</suggested_pickup_period>
	<location>Onatchiway, Que., QC</location>
	<station_id>CWXC</station_id>
	<latitude>48.88333</latitude>
	<longitude>-71.03333</longitude>
	<observation_time>Last Updated on Apr 8 2017, 3:00 pm EDT</observation_time>
        <observation_time_rfc822>Sat, 08 Apr 2017 15:00:00 -0400</observation_time_rfc822>
	<temperature_string>37.0 F (3.0 C)</temperature_string>
	<temp_f>37.0</temp_f>
	<temp_c>3.0</temp_c>
	<relative_humidity>75</relative_humidity>
	<wind_string>from the North at 11.5 gusting to 19.6 MPH (10 gusting to 17 KT)</wind_string>
	<wind_dir>North</wind_dir>
	<wind_degrees>10</wind_degrees>
	<wind_mph>11.5</wind_mph>
	<wind_gust_mph>19.6</wind_gust_mph>
	<wind_kt>10</wind_kt>
	<wind_gust_kt>17</wind_gust_kt>
	<pressure_string>999.2 mb</pressure_string>
	<pressure_mb>999.2</pressure_mb>
	<dewpoint_string>30.0 F (-1.1 C)</dewpoint_string>
	<dewpoint_f>30.0</dewpoint_f>
	<dewpoint_c>-1.1</dewpoint_c>
	<windchill_string>29 F (-2 C)</windchill_string>
      	<windchill_f>29</windchill_f>
      	<windchill_c>-2</windchill_c>
	<two_day_history_url>http://www.weather.gov/data/obhistory/CWXC.html</two_day_history_url>
	<ob_url>http://www.weather.gov/data/METAR/CWXC.1.txt</ob_url>
	<disclaimer_url>http://weather.gov/disclaimer.html</disclaimer_url>
	<copyright_url>http://weather.gov/disclaimer.html</copyright_url>
	<privacy_policy_url>http://weather.gov/notice.html</privacy_policy_url>
</current_observation>
