<?xml version="1.0" encoding="ISO-8859-1"?> 
<?xml-stylesheet href="latest_ob.xsl" type="text/xsl"?>
<current_observation version="1.0"
	 xmlns:xsd="http://www.w3.org/2001/XMLSchema"
	 xmlns:xsi="http://www.w3.org/2001/XMLSchema-instance"
	 xsi:noNamespaceSchemaLocation="http://www.weather.gov/view/current_observation.xsd">
	<credit>NOAA's National Weather Service</credit>
	<credit_URL>http://weather.gov/</credit_URL>
	<image>
		<url>http://weather.gov/images/xml_logo.gif</url>
		<title>NOAA's National Weather Service</title>
		<link>http://weather.gov</link>
	</image>
	<suggested_pickup>15 minutes after the hour</suggested_pickup>
	<suggested_pickup_period>60</suggested_pickup_period>
	<location>Agassiz Automated Reporting Station, BC</location>
	<station_id>CWZA</station_id>
	<latitude>49.25</latitude>
	<longitude>-121.76667</longitude>
	<observation_time>Last Updated on Apr 8 2017, 12:00 pm PDT</observation_time>
        <observation_time_rfc822>Sat, 08 Apr 2017 12:00:00 -0700</observation_time_rfc822>
	<temperature_string>49.0 F (9.2 C)</temperature_string>
	<temp_f>49.0</temp_f>
	<temp_c>9.2</temp_c>
	<relative_humidity>77</relative_humidity>
	<wind_string>East at 6.9 MPH (6 KT)</wind_string>
	<wind_dir>East</wind_dir>
	<wind_degrees>110</wind_degrees>
	<wind_mph>6.9</wind_mph>
	<wind_kt>6</wind_kt>
	<pressure_string>1010.4 mb</pressure_string>
	<pressure_mb>1010.4</pressure_mb>
	<dewpoint_string>41.7 F (5.4 C)</dewpoint_string>
	<dewpoint_f>41.7</dewpoint_f>
	<dewpoint_c>5.4</dewpoint_c>
	<windchill_string>46 F (8 C)</windchill_string>
      	<windchill_f>46</windchill_f>
      	<windchill_c>8</windchill_c>
	<two_day_history_url>http://www.weather.gov/data/obhistory/CWZA.html</two_day_history_url>
	<ob_url>http://www.weather.gov/data/METAR/CWZA.1.txt</ob_url>
	<disclaimer_url>http://weather.gov/disclaimer.html</disclaimer_url>
	<copyright_url>http://weather.gov/disclaimer.html</copyright_url>
	<privacy_policy_url>http://weather.gov/notice.html</privacy_policy_url>
</current_observation>
