<?xml version="1.0" encoding="ISO-8859-1"?> 
<?xml-stylesheet href="latest_ob.xsl" type="text/xsl"?>
<current_observation version="1.0"
	 xmlns:xsd="http://www.w3.org/2001/XMLSchema"
	 xmlns:xsi="http://www.w3.org/2001/XMLSchema-instance"
	 xsi:noNamespaceSchemaLocation="http://www.weather.gov/view/current_observation.xsd">
	<credit>NOAA's National Weather Service</credit>
	<credit_URL>http://weather.gov/</credit_URL>
	<image>
		<url>http://weather.gov/images/xml_logo.gif</url>
		<title>NOAA's National Weather Service</title>
		<link>http://weather.gov</link>
	</image>
	<suggested_pickup>15 minutes after the hour</suggested_pickup>
	<suggested_pickup_period>60</suggested_pickup_period>
	<location>Grand Etang, NS</location>
	<station_id>CWZQ</station_id>
	<latitude>46.54709</latitude>
	<longitude>-61.04916</longitude>
	<observation_time>Last Updated on Apr 8 2017, 4:20 pm ADT</observation_time>
        <observation_time_rfc822>Sat, 08 Apr 2017 16:20:00 -0300</observation_time_rfc822>
	<temperature_string>47.0 F (8.6 C)</temperature_string>
	<temp_f>47.0</temp_f>
	<temp_c>8.6</temp_c>
	<relative_humidity>60</relative_humidity>
	<wind_string>from the Southwest at 18.4 gusting to 26.5 MPH (16 gusting to 23 KT)</wind_string>
	<wind_dir>Southwest</wind_dir>
	<wind_degrees>220</wind_degrees>
	<wind_mph>18.4</wind_mph>
	<wind_gust_mph>26.5</wind_gust_mph>
	<wind_kt>16</wind_kt>
	<wind_gust_kt>23</wind_gust_kt>
	<dewpoint_string>34.0 F (1.1 C)</dewpoint_string>
	<dewpoint_f>34.0</dewpoint_f>
	<dewpoint_c>1.1</dewpoint_c>
	<windchill_string>40 F (4 C)</windchill_string>
      	<windchill_f>40</windchill_f>
      	<windchill_c>4</windchill_c>
	<two_day_history_url>http://www.weather.gov/data/obhistory/CWZQ.html</two_day_history_url>
	<ob_url>http://www.weather.gov/data/METAR/CWZQ.1.txt</ob_url>
	<disclaimer_url>http://weather.gov/disclaimer.html</disclaimer_url>
	<copyright_url>http://weather.gov/disclaimer.html</copyright_url>
	<privacy_policy_url>http://weather.gov/notice.html</privacy_policy_url>
</current_observation>
