<?xml version="1.0" encoding="ISO-8859-1"?> 
<?xml-stylesheet href="latest_ob.xsl" type="text/xsl"?>
<current_observation version="1.0"
	 xmlns:xsd="http://www.w3.org/2001/XMLSchema"
	 xmlns:xsi="http://www.w3.org/2001/XMLSchema-instance"
	 xsi:noNamespaceSchemaLocation="http://www.weather.gov/view/current_observation.xsd">
	<credit>NOAA's National Weather Service</credit>
	<credit_URL>http://weather.gov/</credit_URL>
	<image>
		<url>http://weather.gov/images/xml_logo.gif</url>
		<title>NOAA's National Weather Service</title>
		<link>http://weather.gov</link>
	</image>
	<suggested_pickup>15 minutes after the hour</suggested_pickup>
	<suggested_pickup_period>60</suggested_pickup_period>
	<location>ANDREW AGDM, AB</location>
	<station_id>CXAG</station_id>
	<latitude>53.92</latitude>
	<longitude>-112.28</longitude>
	<observation_time>Last Updated on Apr 8 2017, 1:00 pm MDT</observation_time>
        <observation_time_rfc822>Sat, 08 Apr 2017 13:00:00 -0600</observation_time_rfc822>
	<temperature_string>43.0 F (6.0 C)</temperature_string>
	<temp_f>43.0</temp_f>
	<temp_c>6.0</temp_c>
	<relative_humidity>62</relative_humidity>
	<wind_string>North at 10.4 MPH (9 KT)</wind_string>
	<wind_dir>North</wind_dir>
	<wind_degrees>10</wind_degrees>
	<wind_mph>10.4</wind_mph>
	<wind_kt>9</wind_kt>
	<dewpoint_string>30.6 F (-0.8 C)</dewpoint_string>
	<dewpoint_f>30.6</dewpoint_f>
	<dewpoint_c>-0.8</dewpoint_c>
	<windchill_string>37 F (3 C)</windchill_string>
      	<windchill_f>37</windchill_f>
      	<windchill_c>3</windchill_c>
	<two_day_history_url>http://www.weather.gov/data/obhistory/CXAG.html</two_day_history_url>
	<ob_url>http://www.weather.gov/data/METAR/CXAG.1.txt</ob_url>
	<disclaimer_url>http://weather.gov/disclaimer.html</disclaimer_url>
	<copyright_url>http://weather.gov/disclaimer.html</copyright_url>
	<privacy_policy_url>http://weather.gov/notice.html</privacy_policy_url>
</current_observation>
