<?xml version="1.0" encoding="ISO-8859-1"?> 
<?xml-stylesheet href="latest_ob.xsl" type="text/xsl"?>
<current_observation version="1.0"
	 xmlns:xsd="http://www.w3.org/2001/XMLSchema"
	 xmlns:xsi="http://www.w3.org/2001/XMLSchema-instance"
	 xsi:noNamespaceSchemaLocation="http://www.weather.gov/view/current_observation.xsd">
	<credit>NOAA's National Weather Service</credit>
	<credit_URL>http://weather.gov/</credit_URL>
	<image>
		<url>http://weather.gov/images/xml_logo.gif</url>
		<title>NOAA's National Weather Service</title>
		<link>http://weather.gov</link>
	</image>
	<suggested_pickup>15 minutes after the hour</suggested_pickup>
	<suggested_pickup_period>60</suggested_pickup_period>
	<location>Bratts Lake, Sask., SK</location>
	<station_id>CXBK</station_id>
	<latitude>50.2</latitude>
	<longitude>-104.7</longitude>
	<observation_time>Last Updated on Apr 8 2017, 1:00 pm CST</observation_time>
        <observation_time_rfc822>Sat, 08 Apr 2017 13:00:00 -0600</observation_time_rfc822>
	<weather>Windy</weather>
	<temperature_string>61.0 F (16.0 C)</temperature_string>
	<temp_f>61.0</temp_f>
	<temp_c>16.0</temp_c>
	<relative_humidity>20</relative_humidity>
	<wind_string>from the West at 32.2 gusting to 40.3 MPH (28 gusting to 35 KT)</wind_string>
	<wind_dir>West</wind_dir>
	<wind_degrees>260</wind_degrees>
	<wind_mph>32.2</wind_mph>
	<wind_gust_mph>40.3</wind_gust_mph>
	<wind_kt>28</wind_kt>
	<wind_gust_kt>35</wind_gust_kt>
	<pressure_string>996.9 mb</pressure_string>
	<pressure_mb>996.9</pressure_mb>
	<dewpoint_string>19.4 F (-7.0 C)</dewpoint_string>
	<dewpoint_f>19.4</dewpoint_f>
	<dewpoint_c>-7.0</dewpoint_c>
	<windchill_string>57 F (14 C)</windchill_string>
      	<windchill_f>57</windchill_f>
      	<windchill_c>14</windchill_c>
 	<icon_url_base>http://forecast.weather.gov/images/wtf/small/</icon_url_base>
	<two_day_history_url>http://www.weather.gov/data/obhistory/CXBK.html</two_day_history_url>
	<icon_url_name>wind.png</icon_url_name>
	<ob_url>http://www.weather.gov/data/METAR/CXBK.1.txt</ob_url>
	<disclaimer_url>http://weather.gov/disclaimer.html</disclaimer_url>
	<copyright_url>http://weather.gov/disclaimer.html</copyright_url>
	<privacy_policy_url>http://weather.gov/notice.html</privacy_policy_url>
</current_observation>
