<?xml version="1.0" encoding="ISO-8859-1"?> 
<?xml-stylesheet href="latest_ob.xsl" type="text/xsl"?>
<current_observation version="1.0"
	 xmlns:xsd="http://www.w3.org/2001/XMLSchema"
	 xmlns:xsi="http://www.w3.org/2001/XMLSchema-instance"
	 xsi:noNamespaceSchemaLocation="http://www.weather.gov/view/current_observation.xsd">
	<credit>NOAA's National Weather Service</credit>
	<credit_URL>http://weather.gov/</credit_URL>
	<image>
		<url>http://weather.gov/images/xml_logo.gif</url>
		<title>NOAA's National Weather Service</title>
		<link>http://weather.gov</link>
	</image>
	<suggested_pickup>15 minutes after the hour</suggested_pickup>
	<suggested_pickup_period>60</suggested_pickup_period>
	<location>BARNWELL AGDM, AB</location>
	<station_id>CXBW</station_id>
	<latitude>49.8</latitude>
	<longitude>-112.3</longitude>
	<observation_time>Last Updated on Apr 8 2017, 12:00 pm MDT</observation_time>
        <observation_time_rfc822>Sat, 08 Apr 2017 12:00:00 -0600</observation_time_rfc822>
	<weather>Breezy</weather>
	<temperature_string>55.0 F (12.9 C)</temperature_string>
	<temp_f>55.0</temp_f>
	<temp_c>12.9</temp_c>
	<relative_humidity>26</relative_humidity>
	<wind_string>West at 21.9 MPH (19 KT)</wind_string>
	<wind_dir>West</wind_dir>
	<wind_degrees>260</wind_degrees>
	<wind_mph>21.9</wind_mph>
	<wind_kt>19</wind_kt>
	<dewpoint_string>20.8 F (-6.2 C)</dewpoint_string>
	<dewpoint_f>20.8</dewpoint_f>
	<dewpoint_c>-6.2</dewpoint_c>
	<windchill_string>50 F (10 C)</windchill_string>
      	<windchill_f>50</windchill_f>
      	<windchill_c>10</windchill_c>
 	<icon_url_base>http://forecast.weather.gov/images/wtf/small/</icon_url_base>
	<two_day_history_url>http://www.weather.gov/data/obhistory/CXBW.html</two_day_history_url>
	<icon_url_name>wind.png</icon_url_name>
	<ob_url>http://www.weather.gov/data/METAR/CXBW.1.txt</ob_url>
	<disclaimer_url>http://weather.gov/disclaimer.html</disclaimer_url>
	<copyright_url>http://weather.gov/disclaimer.html</copyright_url>
	<privacy_policy_url>http://weather.gov/notice.html</privacy_policy_url>
</current_observation>
