<?xml version="1.0" encoding="ISO-8859-1"?> 
<?xml-stylesheet href="latest_ob.xsl" type="text/xsl"?>
<current_observation version="1.0"
	 xmlns:xsd="http://www.w3.org/2001/XMLSchema"
	 xmlns:xsi="http://www.w3.org/2001/XMLSchema-instance"
	 xsi:noNamespaceSchemaLocation="http://www.weather.gov/view/current_observation.xsd">
	<credit>NOAA's National Weather Service</credit>
	<credit_URL>http://weather.gov/</credit_URL>
	<image>
		<url>http://weather.gov/images/xml_logo.gif</url>
		<title>NOAA's National Weather Service</title>
		<link>http://weather.gov</link>
	</image>
	<suggested_pickup>15 minutes after the hour</suggested_pickup>
	<suggested_pickup_period>60</suggested_pickup_period>
	<location>Cheticamp, NS</location>
	<station_id>CXCH</station_id>
	<latitude>46.64466</latitude>
	<longitude>-60.94727</longitude>
	<observation_time>Last Updated on Apr 8 2017, 4:00 pm ADT</observation_time>
        <observation_time_rfc822>Sat, 08 Apr 2017 16:00:00 -0300</observation_time_rfc822>
	<temperature_string>52.0 F (10.9 C)</temperature_string>
	<temp_f>52.0</temp_f>
	<temp_c>10.9</temp_c>
	<relative_humidity>44</relative_humidity>
	<dewpoint_string>30.4 F (-0.9 C)</dewpoint_string>
	<dewpoint_f>30.4</dewpoint_f>
	<dewpoint_c>-0.9</dewpoint_c>
	<two_day_history_url>http://www.weather.gov/data/obhistory/CXCH.html</two_day_history_url>
	<ob_url>http://www.weather.gov/data/METAR/CXCH.1.txt</ob_url>
	<disclaimer_url>http://weather.gov/disclaimer.html</disclaimer_url>
	<copyright_url>http://weather.gov/disclaimer.html</copyright_url>
	<privacy_policy_url>http://weather.gov/notice.html</privacy_policy_url>
</current_observation>
