<?xml version="1.0" encoding="ISO-8859-1"?> 
<?xml-stylesheet href="latest_ob.xsl" type="text/xsl"?>
<current_observation version="1.0"
	 xmlns:xsd="http://www.w3.org/2001/XMLSchema"
	 xmlns:xsi="http://www.w3.org/2001/XMLSchema-instance"
	 xsi:noNamespaceSchemaLocation="http://www.weather.gov/view/current_observation.xsd">
	<credit>NOAA's National Weather Service</credit>
	<credit_URL>http://weather.gov/</credit_URL>
	<image>
		<url>http://weather.gov/images/xml_logo.gif</url>
		<title>NOAA's National Weather Service</title>
		<link>http://weather.gov</link>
	</image>
	<suggested_pickup>15 minutes after the hour</suggested_pickup>
	<suggested_pickup_period>60</suggested_pickup_period>
	<location>Edmonton International CS , Alta., AB</location>
	<station_id>CXEG</station_id>
	<latitude>53.3</latitude>
	<longitude>-113.6</longitude>
	<observation_time>Last Updated on Apr 8 2017, 1:00 pm MDT</observation_time>
        <observation_time_rfc822>Sat, 08 Apr 2017 13:00:00 -0600</observation_time_rfc822>
	<temperature_string>42.0 F (5.8 C)</temperature_string>
	<temp_f>42.0</temp_f>
	<temp_c>5.8</temp_c>
	<relative_humidity>66</relative_humidity>
	<dewpoint_string>31.6 F (-0.2 C)</dewpoint_string>
	<dewpoint_f>31.6</dewpoint_f>
	<dewpoint_c>-0.2</dewpoint_c>
	<two_day_history_url>http://www.weather.gov/data/obhistory/CXEG.html</two_day_history_url>
	<ob_url>http://www.weather.gov/data/METAR/CXEG.1.txt</ob_url>
	<disclaimer_url>http://weather.gov/disclaimer.html</disclaimer_url>
	<copyright_url>http://weather.gov/disclaimer.html</copyright_url>
	<privacy_policy_url>http://weather.gov/notice.html</privacy_policy_url>
</current_observation>
