<?xml version="1.0" encoding="ISO-8859-1"?> 
<?xml-stylesheet href="latest_ob.xsl" type="text/xsl"?>
<current_observation version="1.0"
	 xmlns:xsd="http://www.w3.org/2001/XMLSchema"
	 xmlns:xsi="http://www.w3.org/2001/XMLSchema-instance"
	 xsi:noNamespaceSchemaLocation="http://www.weather.gov/view/current_observation.xsd">
	<credit>NOAA's National Weather Service</credit>
	<credit_URL>http://weather.gov/</credit_URL>
	<image>
		<url>http://weather.gov/images/xml_logo.gif</url>
		<title>NOAA's National Weather Service</title>
		<link>http://weather.gov</link>
	</image>
	<suggested_pickup>15 minutes after the hour</suggested_pickup>
	<suggested_pickup_period>60</suggested_pickup_period>
	<location>Kirkland Lake, ON</location>
	<station_id>CXKI</station_id>
	<latitude>48.15</latitude>
	<longitude>-80</longitude>
	<observation_time>Last Updated on Apr 8 2017, 3:00 pm EDT</observation_time>
        <observation_time_rfc822>Sat, 08 Apr 2017 15:00:00 -0400</observation_time_rfc822>
	<temperature_string>53.0 F (11.5 C)</temperature_string>
	<temp_f>53.0</temp_f>
	<temp_c>11.5</temp_c>
	<relative_humidity>19</relative_humidity>
	<pressure_string>1011.1 mb</pressure_string>
	<pressure_mb>1011.1</pressure_mb>
	<dewpoint_string>11.7 F (-11.3 C)</dewpoint_string>
	<dewpoint_f>11.7</dewpoint_f>
	<dewpoint_c>-11.3</dewpoint_c>
	<two_day_history_url>http://www.weather.gov/data/obhistory/CXKI.html</two_day_history_url>
	<ob_url>http://www.weather.gov/data/METAR/CXKI.1.txt</ob_url>
	<disclaimer_url>http://weather.gov/disclaimer.html</disclaimer_url>
	<copyright_url>http://weather.gov/disclaimer.html</copyright_url>
	<privacy_policy_url>http://weather.gov/notice.html</privacy_policy_url>
</current_observation>
