<?xml version="1.0" encoding="ISO-8859-1"?> 
<?xml-stylesheet href="latest_ob.xsl" type="text/xsl"?>
<current_observation version="1.0"
	 xmlns:xsd="http://www.w3.org/2001/XMLSchema"
	 xmlns:xsi="http://www.w3.org/2001/XMLSchema-instance"
	 xsi:noNamespaceSchemaLocation="http://www.weather.gov/view/current_observation.xsd">
	<credit>NOAA's National Weather Service</credit>
	<credit_URL>http://weather.gov/</credit_URL>
	<image>
		<url>http://weather.gov/images/xml_logo.gif</url>
		<title>NOAA's National Weather Service</title>
		<link>http://weather.gov</link>
	</image>
	<suggested_pickup>15 minutes after the hour</suggested_pickup>
	<suggested_pickup_period>60</suggested_pickup_period>
	<location>Lunenburg, NS</location>
	<station_id>CXLB</station_id>
	<latitude>44.3667</latitude>
	<longitude>-64.3</longitude>
	<observation_time>Last Updated on Apr 8 2017, 4:00 pm ADT</observation_time>
        <observation_time_rfc822>Sat, 08 Apr 2017 16:00:00 -0300</observation_time_rfc822>
	<weather>Breezy</weather>
	<temperature_string>38.0 F (3.5 C)</temperature_string>
	<temp_f>38.0</temp_f>
	<temp_c>3.5</temp_c>
	<relative_humidity>93</relative_humidity>
	<wind_string>South at 20.7 MPH (18 KT)</wind_string>
	<wind_dir>South</wind_dir>
	<wind_degrees>180</wind_degrees>
	<wind_mph>20.7</wind_mph>
	<wind_kt>18</wind_kt>
	<pressure_string>998.9 mb</pressure_string>
	<pressure_mb>998.9</pressure_mb>
	<dewpoint_string>36.3 F (2.4 C)</dewpoint_string>
	<dewpoint_f>36.3</dewpoint_f>
	<dewpoint_c>2.4</dewpoint_c>
	<windchill_string>28 F (-2 C)</windchill_string>
      	<windchill_f>28</windchill_f>
      	<windchill_c>-2</windchill_c>
 	<icon_url_base>http://forecast.weather.gov/images/wtf/small/</icon_url_base>
	<two_day_history_url>http://www.weather.gov/data/obhistory/CXLB.html</two_day_history_url>
	<icon_url_name>wind.png</icon_url_name>
	<ob_url>http://www.weather.gov/data/METAR/CXLB.1.txt</ob_url>
	<disclaimer_url>http://weather.gov/disclaimer.html</disclaimer_url>
	<copyright_url>http://weather.gov/disclaimer.html</copyright_url>
	<privacy_policy_url>http://weather.gov/notice.html</privacy_policy_url>
</current_observation>
