<?xml version="1.0" encoding="ISO-8859-1"?> 
<?xml-stylesheet href="latest_ob.xsl" type="text/xsl"?>
<current_observation version="1.0"
	 xmlns:xsd="http://www.w3.org/2001/XMLSchema"
	 xmlns:xsi="http://www.w3.org/2001/XMLSchema-instance"
	 xsi:noNamespaceSchemaLocation="http://www.weather.gov/view/current_observation.xsd">
	<credit>NOAA's National Weather Service</credit>
	<credit_URL>http://weather.gov/</credit_URL>
	<image>
		<url>http://weather.gov/images/xml_logo.gif</url>
		<title>NOAA's National Weather Service</title>
		<link>http://weather.gov</link>
	</image>
	<suggested_pickup>15 minutes after the hour</suggested_pickup>
	<suggested_pickup_period>60</suggested_pickup_period>
	<location>North Mountain , N. S., NS</location>
	<station_id>CXNM</station_id>
	<latitude>46.81667</latitude>
	<longitude>-60.66667</longitude>
	<observation_time>Last Updated on Apr 8 2017, 3:00 pm ADT</observation_time>
        <observation_time_rfc822>Sat, 08 Apr 2017 15:00:00 -0300</observation_time_rfc822>
	<wind_string>from the Southwest at 12.7 gusting to 23.0 MPH (11 gusting to 20 KT)</wind_string>
	<wind_dir>Southwest</wind_dir>
	<wind_degrees>220</wind_degrees>
	<wind_mph>12.7</wind_mph>
	<wind_gust_mph>23.0</wind_gust_mph>
	<wind_kt>11</wind_kt>
	<wind_gust_kt>20</wind_gust_kt>
	<windchill_string>40 F (4 C)</windchill_string>
      	<windchill_f>40</windchill_f>
      	<windchill_c>4</windchill_c>
	<two_day_history_url>http://www.weather.gov/data/obhistory/CXNM.html</two_day_history_url>
	<ob_url>http://www.weather.gov/data/METAR/CXNM.1.txt</ob_url>
	<disclaimer_url>http://weather.gov/disclaimer.html</disclaimer_url>
	<copyright_url>http://weather.gov/disclaimer.html</copyright_url>
	<privacy_policy_url>http://weather.gov/notice.html</privacy_policy_url>
</current_observation>
