<?xml version="1.0" encoding="ISO-8859-1"?> 
<?xml-stylesheet href="latest_ob.xsl" type="text/xsl"?>
<current_observation version="1.0"
	 xmlns:xsd="http://www.w3.org/2001/XMLSchema"
	 xmlns:xsi="http://www.w3.org/2001/XMLSchema-instance"
	 xsi:noNamespaceSchemaLocation="http://www.weather.gov/view/current_observation.xsd">
	<credit>NOAA's National Weather Service</credit>
	<credit_URL>http://weather.gov/</credit_URL>
	<image>
		<url>http://weather.gov/images/xml_logo.gif</url>
		<title>NOAA's National Weather Service</title>
		<link>http://weather.gov</link>
	</image>
	<suggested_pickup>15 minutes after the hour</suggested_pickup>
	<suggested_pickup_period>60</suggested_pickup_period>
	<location>Nappan, NS</location>
	<station_id>CXNP</station_id>
	<latitude>45.75963</latitude>
	<longitude>-64.24144</longitude>
	<observation_time>Last Updated on Apr 8 2017, 4:00 pm ADT</observation_time>
        <observation_time_rfc822>Sat, 08 Apr 2017 16:00:00 -0300</observation_time_rfc822>
	<temperature_string>42.0 F (5.7 C)</temperature_string>
	<temp_f>42.0</temp_f>
	<temp_c>5.7</temp_c>
	<relative_humidity>91</relative_humidity>
	<wind_string>Southwest at 13.8 MPH (12 KT)</wind_string>
	<wind_dir>Southwest</wind_dir>
	<wind_degrees>230</wind_degrees>
	<wind_mph>13.8</wind_mph>
	<wind_kt>12</wind_kt>
	<pressure_string>997.5 mb</pressure_string>
	<pressure_mb>997.5</pressure_mb>
	<dewpoint_string>39.7 F (4.3 C)</dewpoint_string>
	<dewpoint_f>39.7</dewpoint_f>
	<dewpoint_c>4.3</dewpoint_c>
	<windchill_string>35 F (2 C)</windchill_string>
      	<windchill_f>35</windchill_f>
      	<windchill_c>2</windchill_c>
	<two_day_history_url>http://www.weather.gov/data/obhistory/CXNP.html</two_day_history_url>
	<ob_url>http://www.weather.gov/data/METAR/CXNP.1.txt</ob_url>
	<disclaimer_url>http://weather.gov/disclaimer.html</disclaimer_url>
	<copyright_url>http://weather.gov/disclaimer.html</copyright_url>
	<privacy_policy_url>http://weather.gov/notice.html</privacy_policy_url>
</current_observation>
