<?xml version="1.0" encoding="ISO-8859-1"?> 
<?xml-stylesheet href="latest_ob.xsl" type="text/xsl"?>
<current_observation version="1.0"
	 xmlns:xsd="http://www.w3.org/2001/XMLSchema"
	 xmlns:xsi="http://www.w3.org/2001/XMLSchema-instance"
	 xsi:noNamespaceSchemaLocation="http://www.weather.gov/view/current_observation.xsd">
	<credit>NOAA's National Weather Service</credit>
	<credit_URL>http://weather.gov/</credit_URL>
	<image>
		<url>http://weather.gov/images/xml_logo.gif</url>
		<title>NOAA's National Weather Service</title>
		<link>http://weather.gov</link>
	</image>
	<suggested_pickup>15 minutes after the hour</suggested_pickup>
	<suggested_pickup_period>60</suggested_pickup_period>
	<location>RESOLUTE CS, NU</location>
	<station_id>CXRB</station_id>
	<latitude>74.72</latitude>
	<longitude>-94.98</longitude>
	<observation_time>Last Updated on Apr 8 2017, 2:00 pm CDT</observation_time>
        <observation_time_rfc822>Sat, 08 Apr 2017 14:00:00 -0500</observation_time_rfc822>
	<weather>Windy</weather>
	<temperature_string>-1.0 F (-18.1 C)</temperature_string>
	<temp_f>-1.0</temp_f>
	<temp_c>-18.1</temp_c>
	<relative_humidity>76</relative_humidity>
	<wind_string>Northeast at 29.9 MPH (26 KT)</wind_string>
	<wind_dir>Northeast</wind_dir>
	<wind_degrees>50</wind_degrees>
	<wind_mph>29.9</wind_mph>
	<wind_kt>26</wind_kt>
	<pressure_string>1012.4 mb</pressure_string>
	<pressure_mb>1012.4</pressure_mb>
	<dewpoint_string>-6.5 F (-21.4 C)</dewpoint_string>
	<dewpoint_f>-6.5</dewpoint_f>
	<dewpoint_c>-21.4</dewpoint_c>
	<windchill_string>-27 F (-33 C)</windchill_string>
      	<windchill_f>-27</windchill_f>
      	<windchill_c>-33</windchill_c>
 	<icon_url_base>http://forecast.weather.gov/images/wtf/small/</icon_url_base>
	<two_day_history_url>http://www.weather.gov/data/obhistory/CXRB.html</two_day_history_url>
	<icon_url_name>wind.png</icon_url_name>
	<ob_url>http://www.weather.gov/data/METAR/CXRB.1.txt</ob_url>
	<disclaimer_url>http://weather.gov/disclaimer.html</disclaimer_url>
	<copyright_url>http://weather.gov/disclaimer.html</copyright_url>
	<privacy_policy_url>http://weather.gov/notice.html</privacy_policy_url>
</current_observation>
