<?xml version="1.0" encoding="ISO-8859-1"?> 
<?xml-stylesheet href="latest_ob.xsl" type="text/xsl"?>
<current_observation version="1.0"
	 xmlns:xsd="http://www.w3.org/2001/XMLSchema"
	 xmlns:xsi="http://www.w3.org/2001/XMLSchema-instance"
	 xsi:noNamespaceSchemaLocation="http://www.weather.gov/view/current_observation.xsd">
	<credit>NOAA's National Weather Service</credit>
	<credit_URL>http://weather.gov/</credit_URL>
	<image>
		<url>http://weather.gov/images/xml_logo.gif</url>
		<title>NOAA's National Weather Service</title>
		<link>http://weather.gov</link>
	</image>
	<suggested_pickup>15 minutes after the hour</suggested_pickup>
	<suggested_pickup_period>60</suggested_pickup_period>
	<location>Terra Nova National Park CS, Nfld., NF</location>
	<station_id>CXTP</station_id>
	<latitude>48.55694</latitude>
	<longitude>-53.97444</longitude>
	<observation_time>Last Updated on Apr 8 2017, 8:00 pm ZDT</observation_time>
        <observation_time_rfc822>Sat, 08 Apr 2017 20:00:00 +0100</observation_time_rfc822>
	<temperature_string>44.0 F (6.8 C)</temperature_string>
	<temp_f>44.0</temp_f>
	<temp_c>6.8</temp_c>
	<relative_humidity>92</relative_humidity>
	<wind_string>Southwest at 6.9 MPH (6 KT)</wind_string>
	<wind_dir>Southwest</wind_dir>
	<wind_degrees>220</wind_degrees>
	<wind_mph>6.9</wind_mph>
	<wind_kt>6</wind_kt>
	<pressure_string>1004.6 mb</pressure_string>
	<pressure_mb>1004.6</pressure_mb>
	<dewpoint_string>41.9 F (5.5 C)</dewpoint_string>
	<dewpoint_f>41.9</dewpoint_f>
	<dewpoint_c>5.5</dewpoint_c>
	<windchill_string>40 F (4 C)</windchill_string>
      	<windchill_f>40</windchill_f>
      	<windchill_c>4</windchill_c>
	<two_day_history_url>http://www.weather.gov/data/obhistory/CXTP.html</two_day_history_url>
	<ob_url>http://www.weather.gov/data/METAR/CXTP.1.txt</ob_url>
	<disclaimer_url>http://weather.gov/disclaimer.html</disclaimer_url>
	<copyright_url>http://weather.gov/disclaimer.html</copyright_url>
	<privacy_policy_url>http://weather.gov/notice.html</privacy_policy_url>
</current_observation>
