<?xml version="1.0" encoding="ISO-8859-1"?> 
<?xml-stylesheet href="latest_ob.xsl" type="text/xsl"?>
<current_observation version="1.0"
	 xmlns:xsd="http://www.w3.org/2001/XMLSchema"
	 xmlns:xsi="http://www.w3.org/2001/XMLSchema-instance"
	 xsi:noNamespaceSchemaLocation="http://www.weather.gov/view/current_observation.xsd">
	<credit>NOAA's National Weather Service</credit>
	<credit_URL>http://weather.gov/</credit_URL>
	<image>
		<url>http://weather.gov/images/xml_logo.gif</url>
		<title>NOAA's National Weather Service</title>
		<link>http://weather.gov</link>
	</image>
	<suggested_pickup>15 minutes after the hour</suggested_pickup>
	<suggested_pickup_period>60</suggested_pickup_period>
	<location>Trail Valley , N. W. T., NT</location>
	<station_id>CXTV</station_id>
	<latitude>68.75</latitude>
	<longitude>-133.5</longitude>
	<observation_time>Last Updated on Apr 8 2017, 1:00 pm MDT</observation_time>
        <observation_time_rfc822>Sat, 08 Apr 2017 13:00:00 -0600</observation_time_rfc822>
	<temperature_string>-2.0 F (-18.8 C)</temperature_string>
	<temp_f>-2.0</temp_f>
	<temp_c>-18.8</temp_c>
	<relative_humidity>84</relative_humidity>
	<wind_string>West at 2.3 MPH (2 KT)</wind_string>
	<wind_dir>West</wind_dir>
	<wind_degrees>280</wind_degrees>
	<wind_mph>2.3</wind_mph>
	<wind_kt>2</wind_kt>
	<pressure_string>1016.3 mb</pressure_string>
	<pressure_mb>1016.3</pressure_mb>
	<dewpoint_string>-5.6 F (-20.9 C)</dewpoint_string>
	<dewpoint_f>-5.6</dewpoint_f>
	<dewpoint_c>-20.9</dewpoint_c>
	<two_day_history_url>http://www.weather.gov/data/obhistory/CXTV.html</two_day_history_url>
	<ob_url>http://www.weather.gov/data/METAR/CXTV.1.txt</ob_url>
	<disclaimer_url>http://weather.gov/disclaimer.html</disclaimer_url>
	<copyright_url>http://weather.gov/disclaimer.html</copyright_url>
	<privacy_policy_url>http://weather.gov/notice.html</privacy_policy_url>
</current_observation>
