<?xml version="1.0" encoding="ISO-8859-1"?> 
<?xml-stylesheet href="latest_ob.xsl" type="text/xsl"?>
<current_observation version="1.0"
	 xmlns:xsd="http://www.w3.org/2001/XMLSchema"
	 xmlns:xsi="http://www.w3.org/2001/XMLSchema-instance"
	 xsi:noNamespaceSchemaLocation="http://www.weather.gov/view/current_observation.xsd">
	<credit>NOAA's National Weather Service</credit>
	<credit_URL>http://weather.gov/</credit_URL>
	<image>
		<url>http://weather.gov/images/xml_logo.gif</url>
		<title>NOAA's National Weather Service</title>
		<link>http://weather.gov</link>
	</image>
	<suggested_pickup>15 minutes after the hour</suggested_pickup>
	<suggested_pickup_period>60</suggested_pickup_period>
	<location>WAGER BAY (AUT), NU</location>
	<station_id>CXWB</station_id>
	<latitude>65.88</latitude>
	<longitude>-89.45</longitude>
	<observation_time>Last Updated on Apr 8 2017, 2:00 pm CDT</observation_time>
        <observation_time_rfc822>Sat, 08 Apr 2017 14:00:00 -0500</observation_time_rfc822>
	<temperature_string>-2.0 F (-19.0 C)</temperature_string>
	<temp_f>-2.0</temp_f>
	<temp_c>-19.0</temp_c>
	<relative_humidity>65</relative_humidity>
	<wind_string>Northwest at 16.1 MPH (14 KT)</wind_string>
	<wind_dir>Northwest</wind_dir>
	<wind_degrees>310</wind_degrees>
	<wind_mph>16.1</wind_mph>
	<wind_kt>14</wind_kt>
	<pressure_string>1006.7 mb</pressure_string>
	<pressure_mb>1006.7</pressure_mb>
	<dewpoint_string>-11.2 F (-24.0 C)</dewpoint_string>
	<dewpoint_f>-11.2</dewpoint_f>
	<dewpoint_c>-24.0</dewpoint_c>
	<windchill_string>-23 F (-31 C)</windchill_string>
      	<windchill_f>-23</windchill_f>
      	<windchill_c>-31</windchill_c>
	<two_day_history_url>http://www.weather.gov/data/obhistory/CXWB.html</two_day_history_url>
	<ob_url>http://www.weather.gov/data/METAR/CXWB.1.txt</ob_url>
	<disclaimer_url>http://weather.gov/disclaimer.html</disclaimer_url>
	<copyright_url>http://weather.gov/disclaimer.html</copyright_url>
	<privacy_policy_url>http://weather.gov/notice.html</privacy_policy_url>
</current_observation>
