<?xml version="1.0" encoding="ISO-8859-1"?> 
<?xml-stylesheet href="latest_ob.xsl" type="text/xsl"?>
<current_observation version="1.0"
	 xmlns:xsd="http://www.w3.org/2001/XMLSchema"
	 xmlns:xsi="http://www.w3.org/2001/XMLSchema-instance"
	 xsi:noNamespaceSchemaLocation="http://www.weather.gov/view/current_observation.xsd">
	<credit>NOAA's National Weather Service</credit>
	<credit_URL>http://weather.gov/</credit_URL>
	<image>
		<url>http://weather.gov/images/xml_logo.gif</url>
		<title>NOAA's National Weather Service</title>
		<link>http://weather.gov</link>
	</image>
	<suggested_pickup>15 minutes after the hour</suggested_pickup>
	<suggested_pickup_period>60</suggested_pickup_period>
	<location>Winnipeg The Forks, Man., MB</location>
	<station_id>CXWN</station_id>
	<latitude>49.88333</latitude>
	<longitude>-97.13333</longitude>
	<observation_time>Last Updated on Apr 8 2017, 2:00 pm CDT</observation_time>
        <observation_time_rfc822>Sat, 08 Apr 2017 14:00:00 -0500</observation_time_rfc822>
	<temperature_string>64.0 F (17.5 C)</temperature_string>
	<temp_f>64.0</temp_f>
	<temp_c>17.5</temp_c>
	<relative_humidity>46</relative_humidity>
	<wind_string>Southwest at 2.3 MPH (2 KT)</wind_string>
	<wind_dir>Southwest</wind_dir>
	<wind_degrees>240</wind_degrees>
	<wind_mph>2.3</wind_mph>
	<wind_kt>2</wind_kt>
	<pressure_string>997.0 mb</pressure_string>
	<pressure_mb>997.0</pressure_mb>
	<dewpoint_string>42.3 F (5.7 C)</dewpoint_string>
	<dewpoint_f>42.3</dewpoint_f>
	<dewpoint_c>5.7</dewpoint_c>
	<two_day_history_url>http://www.weather.gov/data/obhistory/CXWN.html</two_day_history_url>
	<ob_url>http://www.weather.gov/data/METAR/CXWN.1.txt</ob_url>
	<disclaimer_url>http://weather.gov/disclaimer.html</disclaimer_url>
	<copyright_url>http://weather.gov/disclaimer.html</copyright_url>
	<privacy_policy_url>http://weather.gov/notice.html</privacy_policy_url>
</current_observation>
