<?xml version="1.0" encoding="ISO-8859-1"?> 
<?xml-stylesheet href="latest_ob.xsl" type="text/xsl"?>
<current_observation version="1.0"
	 xmlns:xsd="http://www.w3.org/2001/XMLSchema"
	 xmlns:xsi="http://www.w3.org/2001/XMLSchema-instance"
	 xsi:noNamespaceSchemaLocation="http://www.weather.gov/view/current_observation.xsd">
	<credit>NOAA's National Weather Service</credit>
	<credit_URL>http://weather.gov/</credit_URL>
	<image>
		<url>http://weather.gov/images/xml_logo.gif</url>
		<title>NOAA's National Weather Service</title>
		<link>http://weather.gov</link>
	</image>
	<suggested_pickup>15 minutes after the hour</suggested_pickup>
	<suggested_pickup_period>60</suggested_pickup_period>
	<location>La Grande Riviere, Que, QC</location>
	<station_id>CYGL</station_id>
	<latitude>53.63333</latitude>
	<longitude>-77.7</longitude>
	<observation_time>Last Updated on Apr 8 2017, 3:00 pm EDT</observation_time>
        <observation_time_rfc822>Sat, 08 Apr 2017 15:00:00 -0400</observation_time_rfc822>
	<weather>Partly Cloudy</weather>
	<temperature_string>36.0 F (2.0 C)</temperature_string>
	<temp_f>36.0</temp_f>
	<temp_c>2.0</temp_c>
	<relative_humidity>60</relative_humidity>
	<wind_string>West at 4.6 MPH (4 KT)</wind_string>
	<wind_dir>West</wind_dir>
	<wind_degrees>280</wind_degrees>
	<wind_mph>4.6</wind_mph>
	<wind_kt>4</wind_kt>
	<pressure_string>1009.0 mb</pressure_string>
	<pressure_mb>1009.0</pressure_mb>
	<pressure_in>29.75</pressure_in>
	<dewpoint_string>23.0 F (-5.0 C)</dewpoint_string>
	<dewpoint_f>23.0</dewpoint_f>
	<dewpoint_c>-5.0</dewpoint_c>
	<windchill_string>32 F (0 C)</windchill_string>
      	<windchill_f>32</windchill_f>
      	<windchill_c>0</windchill_c>
	<visibility_mi>15.00</visibility_mi>
 	<icon_url_base>http://forecast.weather.gov/images/wtf/small/</icon_url_base>
	<two_day_history_url>http://www.weather.gov/data/obhistory/CYGL.html</two_day_history_url>
	<icon_url_name>sct.png</icon_url_name>
	<ob_url>http://www.weather.gov/data/METAR/CYGL.1.txt</ob_url>
	<disclaimer_url>http://weather.gov/disclaimer.html</disclaimer_url>
	<copyright_url>http://weather.gov/disclaimer.html</copyright_url>
	<privacy_policy_url>http://weather.gov/notice.html</privacy_policy_url>
</current_observation>
