<?xml version="1.0" encoding="ISO-8859-1"?> 
<?xml-stylesheet href="latest_ob.xsl" type="text/xsl"?>
<current_observation version="1.0"
	 xmlns:xsd="http://www.w3.org/2001/XMLSchema"
	 xmlns:xsi="http://www.w3.org/2001/XMLSchema-instance"
	 xsi:noNamespaceSchemaLocation="http://www.weather.gov/view/current_observation.xsd">
	<credit>NOAA's National Weather Service</credit>
	<credit_URL>http://weather.gov/</credit_URL>
	<image>
		<url>http://weather.gov/images/xml_logo.gif</url>
		<title>NOAA's National Weather Service</title>
		<link>http://weather.gov</link>
	</image>
	<suggested_pickup>15 minutes after the hour</suggested_pickup>
	<suggested_pickup_period>60</suggested_pickup_period>
	<location>Pickle Lake Man, ON</location>
	<station_id>CYPL</station_id>
	<latitude>51.45</latitude>
	<longitude>-90.2</longitude>
	<observation_time>Last Updated on Apr 8 2017, 3:00 pm EDT</observation_time>
        <observation_time_rfc822>Sat, 08 Apr 2017 15:00:00 -0400</observation_time_rfc822>
	<weather>Mostly Cloudy</weather>
	<temperature_string>61.0 F (16.0 C)</temperature_string>
	<temp_f>61.0</temp_f>
	<temp_c>16.0</temp_c>
	<relative_humidity>36</relative_humidity>
	<wind_string>from the South at 17.3 gusting to 24.2 MPH (15 gusting to 21 KT)</wind_string>
	<wind_dir>South</wind_dir>
	<wind_degrees>170</wind_degrees>
	<wind_mph>17.3</wind_mph>
	<wind_gust_mph>24.2</wind_gust_mph>
	<wind_kt>15</wind_kt>
	<wind_gust_kt>21</wind_gust_kt>
	<pressure_string>998.7 mb</pressure_string>
	<pressure_mb>998.7</pressure_mb>
	<pressure_in>29.46</pressure_in>
	<dewpoint_string>33.8 F (1.0 C)</dewpoint_string>
	<dewpoint_f>33.8</dewpoint_f>
	<dewpoint_c>1.0</dewpoint_c>
	<windchill_string>58 F (14 C)</windchill_string>
      	<windchill_f>58</windchill_f>
      	<windchill_c>14</windchill_c>
	<visibility_mi>15.00</visibility_mi>
 	<icon_url_base>http://forecast.weather.gov/images/wtf/small/</icon_url_base>
	<two_day_history_url>http://www.weather.gov/data/obhistory/CYPL.html</two_day_history_url>
	<icon_url_name>bkn.png</icon_url_name>
	<ob_url>http://www.weather.gov/data/METAR/CYPL.1.txt</ob_url>
	<disclaimer_url>http://weather.gov/disclaimer.html</disclaimer_url>
	<copyright_url>http://weather.gov/disclaimer.html</copyright_url>
	<privacy_policy_url>http://weather.gov/notice.html</privacy_policy_url>
</current_observation>
