<?xml version="1.0" encoding="ISO-8859-1"?> 
<?xml-stylesheet href="latest_ob.xsl" type="text/xsl"?>
<current_observation version="1.0"
	 xmlns:xsd="http://www.w3.org/2001/XMLSchema"
	 xmlns:xsi="http://www.w3.org/2001/XMLSchema-instance"
	 xsi:noNamespaceSchemaLocation="http://www.weather.gov/view/current_observation.xsd">
	<credit>NOAA's National Weather Service</credit>
	<credit_URL>http://weather.gov/</credit_URL>
	<image>
		<url>http://weather.gov/images/xml_logo.gif</url>
		<title>NOAA's National Weather Service</title>
		<link>http://weather.gov</link>
	</image>
	<suggested_pickup>15 minutes after the hour</suggested_pickup>
	<suggested_pickup_period>60</suggested_pickup_period>
	<location>Moncton, N. B., NB</location>
	<station_id>CYQM</station_id>
	<latitude>46.11667</latitude>
	<longitude>-64.68333</longitude>
	<observation_time>Last Updated on Apr 8 2017, 4:00 pm ADT</observation_time>
        <observation_time_rfc822>Sat, 08 Apr 2017 16:00:00 -0300</observation_time_rfc822>
	<weather>Light Showers Rain</weather>
	<temperature_string>45.0 F (7.0 C)</temperature_string>
	<temp_f>45.0</temp_f>
	<temp_c>7.0</temp_c>
	<relative_humidity>71</relative_humidity>
	<wind_string>from the South at 15.0 gusting to 24.2 MPH (13 gusting to 21 KT)</wind_string>
	<wind_dir>South</wind_dir>
	<wind_degrees>200</wind_degrees>
	<wind_mph>15.0</wind_mph>
	<wind_gust_mph>24.2</wind_gust_mph>
	<wind_kt>13</wind_kt>
	<wind_gust_kt>21</wind_gust_kt>
	<pressure_string>996.1 mb</pressure_string>
	<pressure_mb>996.1</pressure_mb>
	<pressure_in>29.40</pressure_in>
	<dewpoint_string>35.6 F (2.0 C)</dewpoint_string>
	<dewpoint_f>35.6</dewpoint_f>
	<dewpoint_c>2.0</dewpoint_c>
	<windchill_string>38 F (3 C)</windchill_string>
      	<windchill_f>38</windchill_f>
      	<windchill_c>3</windchill_c>
	<visibility_mi>15.00</visibility_mi>
 	<icon_url_base>http://forecast.weather.gov/images/wtf/small/</icon_url_base>
	<two_day_history_url>http://www.weather.gov/data/obhistory/CYQM.html</two_day_history_url>
	<icon_url_name>shra.png</icon_url_name>
	<ob_url>http://www.weather.gov/data/METAR/CYQM.1.txt</ob_url>
	<disclaimer_url>http://weather.gov/disclaimer.html</disclaimer_url>
	<copyright_url>http://weather.gov/disclaimer.html</copyright_url>
	<privacy_policy_url>http://weather.gov/notice.html</privacy_policy_url>
</current_observation>
