<?xml version="1.0" encoding="ISO-8859-1"?> 
<?xml-stylesheet href="latest_ob.xsl" type="text/xsl"?>
<current_observation version="1.0"
	 xmlns:xsd="http://www.w3.org/2001/XMLSchema"
	 xmlns:xsi="http://www.w3.org/2001/XMLSchema-instance"
	 xsi:noNamespaceSchemaLocation="http://www.weather.gov/view/current_observation.xsd">
	<credit>NOAA's National Weather Service</credit>
	<credit_URL>http://weather.gov/</credit_URL>
	<image>
		<url>http://weather.gov/images/xml_logo.gif</url>
		<title>NOAA's National Weather Service</title>
		<link>http://weather.gov</link>
	</image>
	<suggested_pickup>15 minutes after the hour</suggested_pickup>
	<suggested_pickup_period>60</suggested_pickup_period>
	<location>Sydney, N. S., NS</location>
	<station_id>CYQY</station_id>
	<latitude>46.16667</latitude>
	<longitude>-60.05</longitude>
	<observation_time>Last Updated on Apr 8 2017, 4:00 pm ADT</observation_time>
        <observation_time_rfc822>Sat, 08 Apr 2017 16:00:00 -0300</observation_time_rfc822>
	<weather>Mostly Cloudy</weather>
	<temperature_string>50.0 F (10.0 C)</temperature_string>
	<temp_f>50.0</temp_f>
	<temp_c>10.0</temp_c>
	<relative_humidity>58</relative_humidity>
	<wind_string>South at 18.4 MPH (16 KT)</wind_string>
	<wind_dir>South</wind_dir>
	<wind_degrees>190</wind_degrees>
	<wind_mph>18.4</wind_mph>
	<wind_kt>16</wind_kt>
	<pressure_string>1000.6 mb</pressure_string>
	<pressure_mb>1000.6</pressure_mb>
	<pressure_in>29.54</pressure_in>
	<dewpoint_string>35.6 F (2.0 C)</dewpoint_string>
	<dewpoint_f>35.6</dewpoint_f>
	<dewpoint_c>2.0</dewpoint_c>
	<windchill_string>44 F (7 C)</windchill_string>
      	<windchill_f>44</windchill_f>
      	<windchill_c>7</windchill_c>
	<visibility_mi>15.00</visibility_mi>
 	<icon_url_base>http://forecast.weather.gov/images/wtf/small/</icon_url_base>
	<two_day_history_url>http://www.weather.gov/data/obhistory/CYQY.html</two_day_history_url>
	<icon_url_name>bkn.png</icon_url_name>
	<ob_url>http://www.weather.gov/data/METAR/CYQY.1.txt</ob_url>
	<disclaimer_url>http://weather.gov/disclaimer.html</disclaimer_url>
	<copyright_url>http://weather.gov/disclaimer.html</copyright_url>
	<privacy_policy_url>http://weather.gov/notice.html</privacy_policy_url>
</current_observation>
