<?xml version="1.0" encoding="ISO-8859-1"?> 
<?xml-stylesheet href="latest_ob.xsl" type="text/xsl"?>
<current_observation version="1.0"
	 xmlns:xsd="http://www.w3.org/2001/XMLSchema"
	 xmlns:xsi="http://www.w3.org/2001/XMLSchema-instance"
	 xsi:noNamespaceSchemaLocation="http://www.weather.gov/view/current_observation.xsd">
	<credit>NOAA's National Weather Service</credit>
	<credit_URL>http://weather.gov/</credit_URL>
	<image>
		<url>http://weather.gov/images/xml_logo.gif</url>
		<title>NOAA's National Weather Service</title>
		<link>http://weather.gov</link>
	</image>
	<suggested_pickup>15 minutes after the hour</suggested_pickup>
	<suggested_pickup_period>60</suggested_pickup_period>
	<location>Resolute, N. W. T., NU</location>
	<station_id>CYRB</station_id>
	<latitude>74.71667</latitude>
	<longitude>-94.98333</longitude>
	<observation_time>Last Updated on Apr 8 2017, 2:00 pm CDT</observation_time>
        <observation_time_rfc822>Sat, 08 Apr 2017 14:00:00 -0500</observation_time_rfc822>
	<weather>Low Drifting Snow and Windy</weather>
	<temperature_string>0.0 F (-18.0 C)</temperature_string>
	<temp_f>0.0</temp_f>
	<temp_c>-18.0</temp_c>
	<relative_humidity>71</relative_humidity>
	<wind_string>Northeast at 32.2 MPH (28 KT)</wind_string>
	<wind_dir>Northeast</wind_dir>
	<wind_degrees>40</wind_degrees>
	<wind_mph>32.2</wind_mph>
	<wind_kt>28</wind_kt>
	<pressure_string>1013.3 mb</pressure_string>
	<pressure_mb>1013.3</pressure_mb>
	<pressure_in>29.89</pressure_in>
	<dewpoint_string>-7.6 F (-22.0 C)</dewpoint_string>
	<dewpoint_f>-7.6</dewpoint_f>
	<dewpoint_c>-22.0</dewpoint_c>
	<windchill_string>-27 F (-33 C)</windchill_string>
      	<windchill_f>-27</windchill_f>
      	<windchill_c>-33</windchill_c>
	<visibility_mi>15.00</visibility_mi>
	<two_day_history_url>http://www.weather.gov/data/obhistory/CYRB.html</two_day_history_url>
	<ob_url>http://www.weather.gov/data/METAR/CYRB.1.txt</ob_url>
	<disclaimer_url>http://weather.gov/disclaimer.html</disclaimer_url>
	<copyright_url>http://weather.gov/disclaimer.html</copyright_url>
	<privacy_policy_url>http://weather.gov/notice.html</privacy_policy_url>
</current_observation>
