<?xml version="1.0" encoding="ISO-8859-1"?> 
<?xml-stylesheet href="latest_ob.xsl" type="text/xsl"?>
<current_observation version="1.0"
	 xmlns:xsd="http://www.w3.org/2001/XMLSchema"
	 xmlns:xsi="http://www.w3.org/2001/XMLSchema-instance"
	 xsi:noNamespaceSchemaLocation="http://www.weather.gov/view/current_observation.xsd">
	<credit>NOAA's National Weather Service</credit>
	<credit_URL>http://weather.gov/</credit_URL>
	<image>
		<url>http://weather.gov/images/xml_logo.gif</url>
		<title>NOAA's National Weather Service</title>
		<link>http://weather.gov</link>
	</image>
	<suggested_pickup>15 minutes after the hour</suggested_pickup>
	<suggested_pickup_period>60</suggested_pickup_period>
	<location>Churchill, Man., MB</location>
	<station_id>CYYQ</station_id>
	<latitude>58.73333</latitude>
	<longitude>-94.06667</longitude>
	<observation_time>Last Updated on Apr 8 2017, 2:00 pm CDT</observation_time>
        <observation_time_rfc822>Sat, 08 Apr 2017 14:00:00 -0500</observation_time_rfc822>
	<weather>Light Snow and Breezy</weather>
	<temperature_string>9.0 F (-13.0 C)</temperature_string>
	<temp_f>9.0</temp_f>
	<temp_c>-13.0</temp_c>
	<relative_humidity>85</relative_humidity>
	<wind_string>from the North at 24.2 gusting to 29.9 MPH (21 gusting to 26 KT)</wind_string>
	<wind_dir>North</wind_dir>
	<wind_degrees>10</wind_degrees>
	<wind_mph>24.2</wind_mph>
	<wind_gust_mph>29.9</wind_gust_mph>
	<wind_kt>21</wind_kt>
	<wind_gust_kt>26</wind_gust_kt>
	<pressure_string>1005.0 mb</pressure_string>
	<pressure_mb>1005.0</pressure_mb>
	<pressure_in>29.67</pressure_in>
	<dewpoint_string>5.0 F (-15.0 C)</dewpoint_string>
	<dewpoint_f>5.0</dewpoint_f>
	<dewpoint_c>-15.0</dewpoint_c>
	<windchill_string>-12 F (-24 C)</windchill_string>
      	<windchill_f>-12</windchill_f>
      	<windchill_c>-24</windchill_c>
	<visibility_mi>10.00</visibility_mi>
	<two_day_history_url>http://www.weather.gov/data/obhistory/CYYQ.html</two_day_history_url>
	<ob_url>http://www.weather.gov/data/METAR/CYYQ.1.txt</ob_url>
	<disclaimer_url>http://weather.gov/disclaimer.html</disclaimer_url>
	<copyright_url>http://weather.gov/disclaimer.html</copyright_url>
	<privacy_policy_url>http://weather.gov/notice.html</privacy_policy_url>
</current_observation>
