<?xml version="1.0" encoding="ISO-8859-1"?> 
<?xml-stylesheet href="latest_ob.xsl" type="text/xsl"?>
<current_observation version="1.0"
	 xmlns:xsd="http://www.w3.org/2001/XMLSchema"
	 xmlns:xsi="http://www.w3.org/2001/XMLSchema-instance"
	 xsi:noNamespaceSchemaLocation="http://www.weather.gov/view/current_observation.xsd">
	<credit>NOAA's National Weather Service</credit>
	<credit_URL>http://weather.gov/</credit_URL>
	<image>
		<url>http://weather.gov/images/xml_logo.gif</url>
		<title>NOAA's National Weather Service</title>
		<link>http://weather.gov</link>
	</image>
	<suggested_pickup>15 minutes after the hour</suggested_pickup>
	<suggested_pickup_period>60</suggested_pickup_period>
	<location>Yellowknife, N. W. T., NT</location>
	<station_id>CYZF</station_id>
	<latitude>62.46667</latitude>
	<longitude>-114.45</longitude>
	<observation_time>Last Updated on Apr 8 2017, 1:00 pm MDT</observation_time>
        <observation_time_rfc822>Sat, 08 Apr 2017 13:00:00 -0600</observation_time_rfc822>
	<weather>A Few Clouds</weather>
	<temperature_string>12.0 F (-11.0 C)</temperature_string>
	<temp_f>12.0</temp_f>
	<temp_c>-11.0</temp_c>
	<relative_humidity>52</relative_humidity>
	<wind_string>East at 13.8 MPH (12 KT)</wind_string>
	<wind_dir>East</wind_dir>
	<wind_degrees>70</wind_degrees>
	<wind_mph>13.8</wind_mph>
	<wind_kt>12</wind_kt>
	<pressure_string>1020.7 mb</pressure_string>
	<pressure_mb>1020.7</pressure_mb>
	<pressure_in>30.07</pressure_in>
	<dewpoint_string>-2.2 F (-19.0 C)</dewpoint_string>
	<dewpoint_f>-2.2</dewpoint_f>
	<dewpoint_c>-19.0</dewpoint_c>
	<windchill_string>-3 F (-19 C)</windchill_string>
      	<windchill_f>-3</windchill_f>
      	<windchill_c>-19</windchill_c>
	<visibility_mi>15.00</visibility_mi>
 	<icon_url_base>http://forecast.weather.gov/images/wtf/small/</icon_url_base>
	<two_day_history_url>http://www.weather.gov/data/obhistory/CYZF.html</two_day_history_url>
	<icon_url_name>few.png</icon_url_name>
	<ob_url>http://www.weather.gov/data/METAR/CYZF.1.txt</ob_url>
	<disclaimer_url>http://weather.gov/disclaimer.html</disclaimer_url>
	<copyright_url>http://weather.gov/disclaimer.html</copyright_url>
	<privacy_policy_url>http://weather.gov/notice.html</privacy_policy_url>
</current_observation>
