<?xml version="1.0" encoding="ISO-8859-1"?> 
<?xml-stylesheet href="latest_ob.xsl" type="text/xsl"?>
<current_observation version="1.0"
	 xmlns:xsd="http://www.w3.org/2001/XMLSchema"
	 xmlns:xsi="http://www.w3.org/2001/XMLSchema-instance"
	 xsi:noNamespaceSchemaLocation="http://www.weather.gov/view/current_observation.xsd">
	<credit>NOAA's National Weather Service</credit>
	<credit_URL>http://weather.gov/</credit_URL>
	<image>
		<url>http://weather.gov/images/xml_logo.gif</url>
		<title>NOAA's National Weather Service</title>
		<link>http://weather.gov</link>
	</image>
	<suggested_pickup>15 minutes after the hour</suggested_pickup>
	<suggested_pickup_period>60</suggested_pickup_period>
	<location>Hinckley Field of Dreams Airport, MN</location>
	<station_id>K04W</station_id>
	<latitude>46.02437</latitude>
	<longitude>-92.89905</longitude>
	<observation_time>Last Updated on Apr 8 2017, 2:52 pm CDT</observation_time>
        <observation_time_rfc822>Sat, 08 Apr 2017 14:52:00 -0500</observation_time_rfc822>
	<weather>Fair</weather>
	<temperature_string>66.0 F (19.0 C)</temperature_string>
	<temp_f>66.0</temp_f>
	<temp_c>19.0</temp_c>
	<relative_humidity>40</relative_humidity>
	<wind_string>from the South at 16.1 gusting to 21.9 MPH (14 gusting to 19 KT)</wind_string>
	<wind_dir>South</wind_dir>
	<wind_degrees>190</wind_degrees>
	<wind_mph>16.1</wind_mph>
	<wind_gust_mph>21.9</wind_gust_mph>
	<wind_kt>14</wind_kt>
	<wind_gust_kt>19</wind_gust_kt>
	<pressure_in>29.56</pressure_in>
	<dewpoint_string>41.0 F (5.0 C)</dewpoint_string>
	<dewpoint_f>41.0</dewpoint_f>
	<dewpoint_c>5.0</dewpoint_c>
	<visibility_mi>10.00</visibility_mi>
 	<icon_url_base>http://forecast.weather.gov/images/wtf/small/</icon_url_base>
	<two_day_history_url>http://www.weather.gov/data/obhistory/K04W.html</two_day_history_url>
	<icon_url_name>skc.png</icon_url_name>
	<ob_url>http://www.weather.gov/data/METAR/K04W.1.txt</ob_url>
	<disclaimer_url>http://weather.gov/disclaimer.html</disclaimer_url>
	<copyright_url>http://weather.gov/disclaimer.html</copyright_url>
	<privacy_policy_url>http://weather.gov/notice.html</privacy_policy_url>
</current_observation>
