<?xml version="1.0" encoding="ISO-8859-1"?> 
<?xml-stylesheet href="latest_ob.xsl" type="text/xsl"?>
<current_observation version="1.0"
	 xmlns:xsd="http://www.w3.org/2001/XMLSchema"
	 xmlns:xsi="http://www.w3.org/2001/XMLSchema-instance"
	 xsi:noNamespaceSchemaLocation="http://www.weather.gov/view/current_observation.xsd">
	<credit>NOAA's National Weather Service</credit>
	<credit_URL>http://weather.gov/</credit_URL>
	<image>
		<url>http://weather.gov/images/xml_logo.gif</url>
		<title>NOAA's National Weather Service</title>
		<link>http://weather.gov</link>
	</image>
	<suggested_pickup>15 minutes after the hour</suggested_pickup>
	<suggested_pickup_period>60</suggested_pickup_period>
	<location>ROLLA, ND</location>
	<station_id>K06D</station_id>
	<latitude>48.88</latitude>
	<longitude>-99.62</longitude>
	<observation_time>Last Updated on Apr 8 2017, 2:55 pm CDT</observation_time>
        <observation_time_rfc822>Sat, 08 Apr 2017 14:55:00 -0500</observation_time_rfc822>
	<weather>Overcast</weather>
	<temperature_string>57.0 F (14.0 C)</temperature_string>
	<temp_f>57.0</temp_f>
	<temp_c>14.0</temp_c>
	<relative_humidity>41</relative_humidity>
	<wind_string>Northwest at 13.8 MPH (12 KT)</wind_string>
	<wind_dir>Northwest</wind_dir>
	<wind_degrees>310</wind_degrees>
	<wind_mph>13.8</wind_mph>
	<wind_kt>12</wind_kt>
	<pressure_in>29.51</pressure_in>
	<dewpoint_string>33.8 F (1.0 C)</dewpoint_string>
	<dewpoint_f>33.8</dewpoint_f>
	<dewpoint_c>1.0</dewpoint_c>
	<windchill_string>54 F (12 C)</windchill_string>
      	<windchill_f>54</windchill_f>
      	<windchill_c>12</windchill_c>
	<visibility_mi>10.00</visibility_mi>
 	<icon_url_base>http://forecast.weather.gov/images/wtf/small/</icon_url_base>
	<two_day_history_url>http://www.weather.gov/data/obhistory/K06D.html</two_day_history_url>
	<icon_url_name>ovc.png</icon_url_name>
	<ob_url>http://www.weather.gov/data/METAR/K06D.1.txt</ob_url>
	<disclaimer_url>http://weather.gov/disclaimer.html</disclaimer_url>
	<copyright_url>http://weather.gov/disclaimer.html</copyright_url>
	<privacy_policy_url>http://weather.gov/notice.html</privacy_policy_url>
</current_observation>
