<?xml version="1.0" encoding="ISO-8859-1"?> 
<?xml-stylesheet href="latest_ob.xsl" type="text/xsl"?>
<current_observation version="1.0"
	 xmlns:xsd="http://www.w3.org/2001/XMLSchema"
	 xmlns:xsi="http://www.w3.org/2001/XMLSchema-instance"
	 xsi:noNamespaceSchemaLocation="http://www.weather.gov/view/current_observation.xsd">
	<credit>NOAA's National Weather Service</credit>
	<credit_URL>http://weather.gov/</credit_URL>
	<image>
		<url>http://weather.gov/images/xml_logo.gif</url>
		<title>NOAA's National Weather Service</title>
		<link>http://weather.gov</link>
	</image>
	<suggested_pickup>15 minutes after the hour</suggested_pickup>
	<suggested_pickup_period>60</suggested_pickup_period>
	<location>Moriarty Municipal Airport, NM</location>
	<station_id>K0E0</station_id>
	<latitude>34.98374</latitude>
	<longitude>-105.99576</longitude>
	<observation_time>Last Updated on Apr 8 2017, 1:55 pm MDT</observation_time>
        <observation_time_rfc822>Sat, 08 Apr 2017 13:55:00 -0600</observation_time_rfc822>
	<weather>Fair</weather>
	<temperature_string>74.0 F (23.6 C)</temperature_string>
	<temp_f>74.0</temp_f>
	<temp_c>23.6</temp_c>
	<relative_humidity>12</relative_humidity>
	<wind_string>from the West at 15.0 gusting to 27.6 MPH (13 gusting to 24 KT)</wind_string>
	<wind_dir>West</wind_dir>
	<wind_degrees>250</wind_degrees>
	<wind_mph>15.0</wind_mph>
	<wind_gust_mph>27.6</wind_gust_mph>
	<wind_kt>13</wind_kt>
	<wind_gust_kt>24</wind_gust_kt>
	<pressure_in>30.02</pressure_in>
	<dewpoint_string>18.3 F (-7.6 C)</dewpoint_string>
	<dewpoint_f>18.3</dewpoint_f>
	<dewpoint_c>-7.6</dewpoint_c>
	<visibility_mi>10.00</visibility_mi>
 	<icon_url_base>http://forecast.weather.gov/images/wtf/small/</icon_url_base>
	<two_day_history_url>http://www.weather.gov/data/obhistory/K0E0.html</two_day_history_url>
	<icon_url_name>skc.png</icon_url_name>
	<ob_url>http://www.weather.gov/data/METAR/K0E0.1.txt</ob_url>
	<disclaimer_url>http://weather.gov/disclaimer.html</disclaimer_url>
	<copyright_url>http://weather.gov/disclaimer.html</copyright_url>
	<privacy_policy_url>http://weather.gov/notice.html</privacy_policy_url>
</current_observation>
