<?xml version="1.0" encoding="ISO-8859-1"?> 
<?xml-stylesheet href="latest_ob.xsl" type="text/xsl"?>
<current_observation version="1.0"
	 xmlns:xsd="http://www.w3.org/2001/XMLSchema"
	 xmlns:xsi="http://www.w3.org/2001/XMLSchema-instance"
	 xsi:noNamespaceSchemaLocation="http://www.weather.gov/view/current_observation.xsd">
	<credit>NOAA's National Weather Service</credit>
	<credit_URL>http://weather.gov/</credit_URL>
	<image>
		<url>http://weather.gov/images/xml_logo.gif</url>
		<title>NOAA's National Weather Service</title>
		<link>http://weather.gov</link>
	</image>
	<suggested_pickup>15 minutes after the hour</suggested_pickup>
	<suggested_pickup_period>60</suggested_pickup_period>
	<location>Bowie Municipal Airport, TX</location>
	<station_id>K0F2</station_id>
	<latitude>33.6017</latitude>
	<longitude>-97.7756</longitude>
	<observation_time>Last Updated on Apr 8 2017, 2:35 pm CDT</observation_time>
        <observation_time_rfc822>Sat, 08 Apr 2017 14:35:00 -0500</observation_time_rfc822>
	<weather>Fair and Breezy</weather>
	<temperature_string>81.0 F (27.3 C)</temperature_string>
	<temp_f>81.0</temp_f>
	<temp_c>27.3</temp_c>
	<relative_humidity>47</relative_humidity>
	<wind_string>from the South at 23.0 gusting to 28.8 MPH (20 gusting to 25 KT)</wind_string>
	<wind_dir>South</wind_dir>
	<wind_degrees>190</wind_degrees>
	<wind_mph>23.0</wind_mph>
	<wind_gust_mph>28.8</wind_gust_mph>
	<wind_kt>20</wind_kt>
	<wind_gust_kt>25</wind_gust_kt>
	<pressure_in>29.85</pressure_in>
	<dewpoint_string>59.0 F (15.0 C)</dewpoint_string>
	<dewpoint_f>59.0</dewpoint_f>
	<dewpoint_c>15.0</dewpoint_c>
	<heat_index_string>81 F (27 C)</heat_index_string>
      	<heat_index_f>81</heat_index_f>
      	<heat_index_c>27</heat_index_c>
	<visibility_mi>10.00</visibility_mi>
 	<icon_url_base>http://forecast.weather.gov/images/wtf/small/</icon_url_base>
	<two_day_history_url>http://www.weather.gov/data/obhistory/K0F2.html</two_day_history_url>
	<icon_url_name>skc.png</icon_url_name>
	<ob_url>http://www.weather.gov/data/METAR/K0F2.1.txt</ob_url>
	<disclaimer_url>http://weather.gov/disclaimer.html</disclaimer_url>
	<copyright_url>http://weather.gov/disclaimer.html</copyright_url>
	<privacy_policy_url>http://weather.gov/notice.html</privacy_policy_url>
</current_observation>
