<?xml version="1.0" encoding="ISO-8859-1"?> 
<?xml-stylesheet href="latest_ob.xsl" type="text/xsl"?>
<current_observation version="1.0"
	 xmlns:xsd="http://www.w3.org/2001/XMLSchema"
	 xmlns:xsi="http://www.w3.org/2001/XMLSchema-instance"
	 xsi:noNamespaceSchemaLocation="http://www.weather.gov/view/current_observation.xsd">
	<credit>NOAA's National Weather Service</credit>
	<credit_URL>http://weather.gov/</credit_URL>
	<image>
		<url>http://weather.gov/images/xml_logo.gif</url>
		<title>NOAA's National Weather Service</title>
		<link>http://weather.gov</link>
	</image>
	<suggested_pickup>15 minutes after the hour</suggested_pickup>
	<suggested_pickup_period>60</suggested_pickup_period>
	<location>Haleyville, Posey Field Airport, AL</location>
	<station_id>K1M4</station_id>
	<latitude>34.28028</latitude>
	<longitude>-87.60028</longitude>
	<observation_time>Last Updated on Apr 8 2017, 2:56 pm CDT</observation_time>
        <observation_time_rfc822>Sat, 08 Apr 2017 14:56:00 -0500</observation_time_rfc822>
	<weather>Fair</weather>
	<temperature_string>70.0 F (21.1 C)</temperature_string>
	<temp_f>70.0</temp_f>
	<temp_c>21.1</temp_c>
	<relative_humidity>18</relative_humidity>
	<wind_string>West at 4.6 MPH (4 KT)</wind_string>
	<wind_dir>West</wind_dir>
	<wind_degrees>270</wind_degrees>
	<wind_mph>4.6</wind_mph>
	<wind_kt>4</wind_kt>
	<pressure_string>1022.1 mb</pressure_string>
	<pressure_mb>1022.1</pressure_mb>
	<pressure_in>30.11</pressure_in>
	<dewpoint_string>25.0 F (-3.9 C)</dewpoint_string>
	<dewpoint_f>25.0</dewpoint_f>
	<dewpoint_c>-3.9</dewpoint_c>
	<visibility_mi>10.00</visibility_mi>
 	<icon_url_base>http://forecast.weather.gov/images/wtf/small/</icon_url_base>
	<two_day_history_url>http://www.weather.gov/data/obhistory/K1M4.html</two_day_history_url>
	<icon_url_name>skc.png</icon_url_name>
	<ob_url>http://www.weather.gov/data/METAR/K1M4.1.txt</ob_url>
	<disclaimer_url>http://weather.gov/disclaimer.html</disclaimer_url>
	<copyright_url>http://weather.gov/disclaimer.html</copyright_url>
	<privacy_policy_url>http://weather.gov/notice.html</privacy_policy_url>
</current_observation>
