<?xml version="1.0" encoding="ISO-8859-1"?> 
<?xml-stylesheet href="latest_ob.xsl" type="text/xsl"?>
<current_observation version="1.0"
	 xmlns:xsd="http://www.w3.org/2001/XMLSchema"
	 xmlns:xsi="http://www.w3.org/2001/XMLSchema-instance"
	 xsi:noNamespaceSchemaLocation="http://www.weather.gov/view/current_observation.xsd">
	<credit>NOAA's National Weather Service</credit>
	<credit_URL>http://weather.gov/</credit_URL>
	<image>
		<url>http://weather.gov/images/xml_logo.gif</url>
		<title>NOAA's National Weather Service</title>
		<link>http://weather.gov</link>
	</image>
	<suggested_pickup>15 minutes after the hour</suggested_pickup>
	<suggested_pickup_period>60</suggested_pickup_period>
	<location>Plymouth Municipal Airport, NH</location>
	<station_id>K1P1</station_id>
	<latitude>43.77714</latitude>
	<longitude>-71.75598</longitude>
	<observation_time>Last Updated on Apr 8 2017, 3:55 pm EDT</observation_time>
        <observation_time_rfc822>Sat, 08 Apr 2017 15:55:00 -0400</observation_time_rfc822>
	<weather>Overcast</weather>
	<temperature_string>38.0 F (3.1 C)</temperature_string>
	<temp_f>38.0</temp_f>
	<temp_c>3.1</temp_c>
	<relative_humidity>64</relative_humidity>
	<wind_string>from the West at 11.5 gusting to 26.5 MPH (10 gusting to 23 KT)</wind_string>
	<wind_dir>West</wind_dir>
	<wind_degrees>290</wind_degrees>
	<wind_mph>11.5</wind_mph>
	<wind_gust_mph>26.5</wind_gust_mph>
	<wind_kt>10</wind_kt>
	<wind_gust_kt>23</wind_gust_kt>
	<pressure_in>29.71</pressure_in>
	<dewpoint_string>26.2 F (-3.2 C)</dewpoint_string>
	<dewpoint_f>26.2</dewpoint_f>
	<dewpoint_c>-3.2</dewpoint_c>
	<windchill_string>31 F (-1 C)</windchill_string>
      	<windchill_f>31</windchill_f>
      	<windchill_c>-1</windchill_c>
	<visibility_mi>10.00</visibility_mi>
 	<icon_url_base>http://forecast.weather.gov/images/wtf/small/</icon_url_base>
	<two_day_history_url>http://www.weather.gov/data/obhistory/K1P1.html</two_day_history_url>
	<icon_url_name>ovc.png</icon_url_name>
	<ob_url>http://www.weather.gov/data/METAR/K1P1.1.txt</ob_url>
	<disclaimer_url>http://weather.gov/disclaimer.html</disclaimer_url>
	<copyright_url>http://weather.gov/disclaimer.html</copyright_url>
	<privacy_policy_url>http://weather.gov/notice.html</privacy_policy_url>
</current_observation>
