<?xml version="1.0" encoding="ISO-8859-1"?> 
<?xml-stylesheet href="latest_ob.xsl" type="text/xsl"?>
<current_observation version="1.0"
	 xmlns:xsd="http://www.w3.org/2001/XMLSchema"
	 xmlns:xsi="http://www.w3.org/2001/XMLSchema-instance"
	 xsi:noNamespaceSchemaLocation="http://www.weather.gov/view/current_observation.xsd">
	<credit>NOAA's National Weather Service</credit>
	<credit_URL>http://weather.gov/</credit_URL>
	<image>
		<url>http://weather.gov/images/xml_logo.gif</url>
		<title>NOAA's National Weather Service</title>
		<link>http://weather.gov</link>
	</image>
	<suggested_pickup>15 minutes after the hour</suggested_pickup>
	<suggested_pickup_period>60</suggested_pickup_period>
	<location>Litchfield Municipal Airport, IL</location>
	<station_id>K3LF</station_id>
	<latitude>39.16052</latitude>
	<longitude>-89.67419</longitude>
	<observation_time>Last Updated on Apr 8 2017, 2:35 pm CDT</observation_time>
        <observation_time_rfc822>Sat, 08 Apr 2017 14:35:00 -0500</observation_time_rfc822>
	<weather>Fair</weather>
	<temperature_string>68.0 F (20.0 C)</temperature_string>
	<temp_f>68.0</temp_f>
	<temp_c>20.0</temp_c>
	<relative_humidity>50</relative_humidity>
	<wind_string>from the Southeast at 18.4 gusting to 23.0 MPH (16 gusting to 20 KT)</wind_string>
	<wind_dir>Southeast</wind_dir>
	<wind_degrees>150</wind_degrees>
	<wind_mph>18.4</wind_mph>
	<wind_gust_mph>23.0</wind_gust_mph>
	<wind_kt>16</wind_kt>
	<wind_gust_kt>20</wind_gust_kt>
	<pressure_in>29.93</pressure_in>
	<dewpoint_string>48.7 F (9.3 C)</dewpoint_string>
	<dewpoint_f>48.7</dewpoint_f>
	<dewpoint_c>9.3</dewpoint_c>
	<visibility_mi>10.00</visibility_mi>
 	<icon_url_base>http://forecast.weather.gov/images/wtf/small/</icon_url_base>
	<two_day_history_url>http://www.weather.gov/data/obhistory/K3LF.html</two_day_history_url>
	<icon_url_name>skc.png</icon_url_name>
	<ob_url>http://www.weather.gov/data/METAR/K3LF.1.txt</ob_url>
	<disclaimer_url>http://weather.gov/disclaimer.html</disclaimer_url>
	<copyright_url>http://weather.gov/disclaimer.html</copyright_url>
	<privacy_policy_url>http://weather.gov/notice.html</privacy_policy_url>
</current_observation>
