<?xml version="1.0" encoding="ISO-8859-1"?> 
<?xml-stylesheet href="latest_ob.xsl" type="text/xsl"?>
<current_observation version="1.0"
	 xmlns:xsd="http://www.w3.org/2001/XMLSchema"
	 xmlns:xsi="http://www.w3.org/2001/XMLSchema-instance"
	 xsi:noNamespaceSchemaLocation="http://www.weather.gov/view/current_observation.xsd">
	<credit>NOAA's National Weather Service</credit>
	<credit_URL>http://weather.gov/</credit_URL>
	<image>
		<url>http://weather.gov/images/xml_logo.gif</url>
		<title>NOAA's National Weather Service</title>
		<link>http://weather.gov</link>
	</image>
	<suggested_pickup>15 minutes after the hour</suggested_pickup>
	<suggested_pickup_period>60</suggested_pickup_period>
	<location>CARRINGTON, ND</location>
	<station_id>K46D</station_id>
	<latitude>47.45</latitude>
	<longitude>-99.15</longitude>
	<observation_time>Last Updated on Mar 20 2017, 1:35 am CDT</observation_time>
        <observation_time_rfc822>Mon, 20 Mar 2017 01:35:00 -0500</observation_time_rfc822>
	<weather>A Few Clouds</weather>
	<temperature_string>34.0 F (1.0 C)</temperature_string>
	<temp_f>34.0</temp_f>
	<temp_c>1.0</temp_c>
	<relative_humidity>93</relative_humidity>
	<wind_string>Northwest at 9.2 MPH (8 KT)</wind_string>
	<wind_dir>Northwest</wind_dir>
	<wind_degrees>320</wind_degrees>
	<wind_mph>9.2</wind_mph>
	<wind_kt>8</wind_kt>
	<pressure_in>30.12</pressure_in>
	<dewpoint_string>32.0 F (0.0 C)</dewpoint_string>
	<dewpoint_f>32.0</dewpoint_f>
	<dewpoint_c>0.0</dewpoint_c>
	<windchill_string>27 F (-3 C)</windchill_string>
      	<windchill_f>27</windchill_f>
      	<windchill_c>-3</windchill_c>
	<visibility_mi>10.00</visibility_mi>
 	<icon_url_base>http://forecast.weather.gov/images/wtf/small/</icon_url_base>
	<two_day_history_url>http://www.weather.gov/data/obhistory/K46D.html</two_day_history_url>
	<icon_url_name>nfew.png</icon_url_name>
	<ob_url>http://www.weather.gov/data/METAR/K46D.1.txt</ob_url>
	<disclaimer_url>http://weather.gov/disclaimer.html</disclaimer_url>
	<copyright_url>http://weather.gov/disclaimer.html</copyright_url>
	<privacy_policy_url>http://weather.gov/notice.html</privacy_policy_url>
</current_observation>
