<?xml version="1.0" encoding="ISO-8859-1"?> 
<?xml-stylesheet href="latest_ob.xsl" type="text/xsl"?>
<current_observation version="1.0"
	 xmlns:xsd="http://www.w3.org/2001/XMLSchema"
	 xmlns:xsi="http://www.w3.org/2001/XMLSchema-instance"
	 xsi:noNamespaceSchemaLocation="http://www.weather.gov/view/current_observation.xsd">
	<credit>NOAA's National Weather Service</credit>
	<credit_URL>http://weather.gov/</credit_URL>
	<image>
		<url>http://weather.gov/images/xml_logo.gif</url>
		<title>NOAA's National Weather Service</title>
		<link>http://weather.gov</link>
	</image>
	<suggested_pickup>15 minutes after the hour</suggested_pickup>
	<suggested_pickup_period>60</suggested_pickup_period>
	<location>Harvey Municipal Airport, ND</location>
	<station_id>K5H4</station_id>
	<latitude>47.7912</latitude>
	<longitude>-99.9317</longitude>
	<observation_time>Last Updated on Apr 8 2017, 2:55 pm CDT</observation_time>
        <observation_time_rfc822>Sat, 08 Apr 2017 14:55:00 -0500</observation_time_rfc822>
	<temperature_string>64.0 F (18.0 C)</temperature_string>
	<temp_f>64.0</temp_f>
	<temp_c>18.0</temp_c>
	<relative_humidity>28</relative_humidity>
	<wind_string>Northwest at 16.1 MPH (14 KT)</wind_string>
	<wind_dir>Northwest</wind_dir>
	<wind_degrees>330</wind_degrees>
	<wind_mph>16.1</wind_mph>
	<wind_kt>14</wind_kt>
	<pressure_in>29.55</pressure_in>
	<dewpoint_string>30.2 F (-1.0 C)</dewpoint_string>
	<dewpoint_f>30.2</dewpoint_f>
	<dewpoint_c>-1.0</dewpoint_c>
	<visibility_mi>10.00</visibility_mi>
	<two_day_history_url>http://www.weather.gov/data/obhistory/K5H4.html</two_day_history_url>
	<ob_url>http://www.weather.gov/data/METAR/K5H4.1.txt</ob_url>
	<disclaimer_url>http://weather.gov/disclaimer.html</disclaimer_url>
	<copyright_url>http://weather.gov/disclaimer.html</copyright_url>
	<privacy_policy_url>http://weather.gov/notice.html</privacy_policy_url>
</current_observation>
