<?xml version="1.0" encoding="ISO-8859-1"?> 
<?xml-stylesheet href="latest_ob.xsl" type="text/xsl"?>
<current_observation version="1.0"
	 xmlns:xsd="http://www.w3.org/2001/XMLSchema"
	 xmlns:xsi="http://www.w3.org/2001/XMLSchema-instance"
	 xsi:noNamespaceSchemaLocation="http://www.weather.gov/view/current_observation.xsd">
	<credit>NOAA's National Weather Service</credit>
	<credit_URL>http://weather.gov/</credit_URL>
	<image>
		<url>http://weather.gov/images/xml_logo.gif</url>
		<title>NOAA's National Weather Service</title>
		<link>http://weather.gov</link>
	</image>
	<suggested_pickup>15 minutes after the hour</suggested_pickup>
	<suggested_pickup_period>60</suggested_pickup_period>
	<location>Sisseton, Sisseton Municipal Airport, SD</location>
	<station_id>K8D3</station_id>
	<latitude>45.66889</latitude>
	<longitude>-96.99139</longitude>
	<observation_time>Last Updated on Apr 8 2017, 1:56 pm CDT</observation_time>
        <observation_time_rfc822>Sat, 08 Apr 2017 13:56:00 -0500</observation_time_rfc822>
	<temperature_string>76.0 F (24.4 C)</temperature_string>
	<temp_f>76.0</temp_f>
	<temp_c>24.4</temp_c>
	<relative_humidity>36</relative_humidity>
	<wind_string>West at 8.1 MPH (7 KT)</wind_string>
	<wind_dir>West</wind_dir>
	<wind_degrees>250</wind_degrees>
	<wind_mph>8.1</wind_mph>
	<wind_kt>7</wind_kt>
	<pressure_string>995.4 mb</pressure_string>
	<pressure_mb>995.4</pressure_mb>
	<pressure_in>29.43</pressure_in>
	<dewpoint_string>46.9 F (8.3 C)</dewpoint_string>
	<dewpoint_f>46.9</dewpoint_f>
	<dewpoint_c>8.3</dewpoint_c>
	<two_day_history_url>http://www.weather.gov/data/obhistory/K8D3.html</two_day_history_url>
	<ob_url>http://www.weather.gov/data/METAR/K8D3.1.txt</ob_url>
	<disclaimer_url>http://weather.gov/disclaimer.html</disclaimer_url>
	<copyright_url>http://weather.gov/disclaimer.html</copyright_url>
	<privacy_policy_url>http://weather.gov/notice.html</privacy_policy_url>
</current_observation>
