<?xml version="1.0" encoding="ISO-8859-1"?> 
<?xml-stylesheet href="latest_ob.xsl" type="text/xsl"?>
<current_observation version="1.0"
	 xmlns:xsd="http://www.w3.org/2001/XMLSchema"
	 xmlns:xsi="http://www.w3.org/2001/XMLSchema-instance"
	 xsi:noNamespaceSchemaLocation="http://www.weather.gov/view/current_observation.xsd">
	<credit>NOAA's National Weather Service</credit>
	<credit_URL>http://weather.gov/</credit_URL>
	<image>
		<url>http://weather.gov/images/xml_logo.gif</url>
		<title>NOAA's National Weather Service</title>
		<link>http://weather.gov</link>
	</image>
	<suggested_pickup>15 minutes after the hour</suggested_pickup>
	<suggested_pickup_period>60</suggested_pickup_period>
	<location>Walhalla Municipal Airport, ND</location>
	<station_id>K96D</station_id>
	<latitude>48.94017</latitude>
	<longitude>-97.90528</longitude>
	<observation_time>Last Updated on Mar 21 2017, 1:15 am CDT</observation_time>
        <observation_time_rfc822>Tue, 21 Mar 2017 01:15:00 -0500</observation_time_rfc822>
	<weather>Fair</weather>
	<temperature_string>19.0 F (-7.0 C)</temperature_string>
	<temp_f>19.0</temp_f>
	<temp_c>-7.0</temp_c>
	<relative_humidity>100</relative_humidity>
	<wind_string>North at 19.6 MPH (17 KT)</wind_string>
	<wind_dir>North</wind_dir>
	<wind_degrees>360</wind_degrees>
	<wind_mph>19.6</wind_mph>
	<wind_kt>17</wind_kt>
	<pressure_in>30.46</pressure_in>
	<dewpoint_string>19.4 F (-7.0 C)</dewpoint_string>
	<dewpoint_f>19.4</dewpoint_f>
	<dewpoint_c>-7.0</dewpoint_c>
	<windchill_string>3 F (-16 C)</windchill_string>
      	<windchill_f>3</windchill_f>
      	<windchill_c>-16</windchill_c>
	<visibility_mi>10.00</visibility_mi>
 	<icon_url_base>http://forecast.weather.gov/images/wtf/small/</icon_url_base>
	<two_day_history_url>http://www.weather.gov/data/obhistory/K96D.html</two_day_history_url>
	<icon_url_name>nskc.png</icon_url_name>
	<ob_url>http://www.weather.gov/data/METAR/K96D.1.txt</ob_url>
	<disclaimer_url>http://weather.gov/disclaimer.html</disclaimer_url>
	<copyright_url>http://weather.gov/disclaimer.html</copyright_url>
	<privacy_policy_url>http://weather.gov/notice.html</privacy_policy_url>
</current_observation>
