<?xml version="1.0" encoding="ISO-8859-1"?> 
<?xml-stylesheet href="latest_ob.xsl" type="text/xsl"?>
<current_observation version="1.0"
	 xmlns:xsd="http://www.w3.org/2001/XMLSchema"
	 xmlns:xsi="http://www.w3.org/2001/XMLSchema-instance"
	 xsi:noNamespaceSchemaLocation="http://www.weather.gov/view/current_observation.xsd">
	<credit>NOAA's National Weather Service</credit>
	<credit_URL>http://weather.gov/</credit_URL>
	<image>
		<url>http://weather.gov/images/xml_logo.gif</url>
		<title>NOAA's National Weather Service</title>
		<link>http://weather.gov</link>
	</image>
	<suggested_pickup>15 minutes after the hour</suggested_pickup>
	<suggested_pickup_period>60</suggested_pickup_period>
	<location>Edwards, Edwards Air Force Auxiliary North Base, CA</location>
	<station_id>K9L2</station_id>
	<latitude>34.98333</latitude>
	<longitude>-117.85</longitude>
	<observation_time>Last Updated on Apr 8 2017, 11:58 am PDT</observation_time>
        <observation_time_rfc822>Sat, 08 Apr 2017 11:58:00 -0700</observation_time_rfc822>
	<weather>A Few Clouds and Breezy</weather>
	<temperature_string>63.0 F (17.2 C)</temperature_string>
	<temp_f>63.0</temp_f>
	<temp_c>17.2</temp_c>
	<relative_humidity>31</relative_humidity>
	<wind_string>from the West at 20.7 gusting to 27.6 MPH (18 gusting to 24 KT)</wind_string>
	<wind_dir>West</wind_dir>
	<wind_degrees>270</wind_degrees>
	<wind_mph>20.7</wind_mph>
	<wind_gust_mph>27.6</wind_gust_mph>
	<wind_kt>18</wind_kt>
	<wind_gust_kt>24</wind_gust_kt>
	<pressure_in>29.96</pressure_in>
	<dewpoint_string>32.0 F (0.0 C)</dewpoint_string>
	<dewpoint_f>32.0</dewpoint_f>
	<dewpoint_c>0.0</dewpoint_c>
	<windchill_string>61 F (16 C)</windchill_string>
      	<windchill_f>61</windchill_f>
      	<windchill_c>16</windchill_c>
	<visibility_mi>10.00</visibility_mi>
 	<icon_url_base>http://forecast.weather.gov/images/wtf/small/</icon_url_base>
	<two_day_history_url>http://www.weather.gov/data/obhistory/K9L2.html</two_day_history_url>
	<icon_url_name>few.png</icon_url_name>
	<ob_url>http://www.weather.gov/data/METAR/K9L2.1.txt</ob_url>
	<disclaimer_url>http://weather.gov/disclaimer.html</disclaimer_url>
	<copyright_url>http://weather.gov/disclaimer.html</copyright_url>
	<privacy_policy_url>http://weather.gov/notice.html</privacy_policy_url>
</current_observation>
