<?xml version="1.0" encoding="ISO-8859-1"?> 
<?xml-stylesheet href="latest_ob.xsl" type="text/xsl"?>
<current_observation version="1.0"
	 xmlns:xsd="http://www.w3.org/2001/XMLSchema"
	 xmlns:xsi="http://www.w3.org/2001/XMLSchema-instance"
	 xsi:noNamespaceSchemaLocation="http://www.weather.gov/view/current_observation.xsd">
	<credit>NOAA's National Weather Service</credit>
	<credit_URL>http://weather.gov/</credit_URL>
	<image>
		<url>http://weather.gov/images/xml_logo.gif</url>
		<title>NOAA's National Weather Service</title>
		<link>http://weather.gov</link>
	</image>
	<suggested_pickup>15 minutes after the hour</suggested_pickup>
	<suggested_pickup_period>60</suggested_pickup_period>
	<location>Rochester - St. Mary's Hospital Heliport, MN</location>
	<station_id>K9MN</station_id>
	<latitude>44.0206</latitude>
	<longitude>-92.48286</longitude>
	<observation_time>Last Updated on Apr 8 2017, 2:53 pm CDT</observation_time>
        <observation_time_rfc822>Sat, 08 Apr 2017 14:53:00 -0500</observation_time_rfc822>
	<weather>Fair</weather>
	<temperature_string>69.0 F (20.3 C)</temperature_string>
	<temp_f>69.0</temp_f>
	<temp_c>20.3</temp_c>
	<relative_humidity>41</relative_humidity>
	<wind_string>from the Southeast at 10.4 gusting to 25.3 MPH (9 gusting to 22 KT)</wind_string>
	<wind_dir>Southeast</wind_dir>
	<wind_degrees>150</wind_degrees>
	<wind_mph>10.4</wind_mph>
	<wind_gust_mph>25.3</wind_gust_mph>
	<wind_kt>9</wind_kt>
	<wind_gust_kt>22</wind_gust_kt>
	<pressure_in>29.62</pressure_in>
	<dewpoint_string>43.7 F (6.5 C)</dewpoint_string>
	<dewpoint_f>43.7</dewpoint_f>
	<dewpoint_c>6.5</dewpoint_c>
	<visibility_mi>10.00</visibility_mi>
 	<icon_url_base>http://forecast.weather.gov/images/wtf/small/</icon_url_base>
	<two_day_history_url>http://www.weather.gov/data/obhistory/K9MN.html</two_day_history_url>
	<icon_url_name>skc.png</icon_url_name>
	<ob_url>http://www.weather.gov/data/METAR/K9MN.1.txt</ob_url>
	<disclaimer_url>http://weather.gov/disclaimer.html</disclaimer_url>
	<copyright_url>http://weather.gov/disclaimer.html</copyright_url>
	<privacy_policy_url>http://weather.gov/notice.html</privacy_policy_url>
</current_observation>
