<?xml version="1.0" encoding="ISO-8859-1"?> 
<?xml-stylesheet href="latest_ob.xsl" type="text/xsl"?>
<current_observation version="1.0"
	 xmlns:xsd="http://www.w3.org/2001/XMLSchema"
	 xmlns:xsi="http://www.w3.org/2001/XMLSchema-instance"
	 xsi:noNamespaceSchemaLocation="http://www.weather.gov/view/current_observation.xsd">
	<credit>NOAA's National Weather Service</credit>
	<credit_URL>http://weather.gov/</credit_URL>
	<image>
		<url>http://weather.gov/images/xml_logo.gif</url>
		<title>NOAA's National Weather Service</title>
		<link>http://weather.gov</link>
	</image>
	<suggested_pickup>15 minutes after the hour</suggested_pickup>
	<suggested_pickup_period>60</suggested_pickup_period>
	<location>Apalachicola, Apalachicola, FL</location>
	<station_id>KAAF</station_id>
	<latitude>29.72694</latitude>
	<longitude>-85.02472</longitude>
	<observation_time>Last Updated on Apr 8 2017, 3:53 pm EDT</observation_time>
        <observation_time_rfc822>Sat, 08 Apr 2017 15:53:00 -0400</observation_time_rfc822>
	<weather>Fair</weather>
	<temperature_string>70.0 F (21.1 C)</temperature_string>
	<temp_f>70.0</temp_f>
	<temp_c>21.1</temp_c>
	<relative_humidity>32</relative_humidity>
	<wind_string>Southwest at 12.7 MPH (11 KT)</wind_string>
	<wind_dir>Southwest</wind_dir>
	<wind_degrees>220</wind_degrees>
	<wind_mph>12.7</wind_mph>
	<wind_kt>11</wind_kt>
	<pressure_string>1019.3 mb</pressure_string>
	<pressure_mb>1019.3</pressure_mb>
	<pressure_in>30.10</pressure_in>
	<dewpoint_string>39.0 F (3.9 C)</dewpoint_string>
	<dewpoint_f>39.0</dewpoint_f>
	<dewpoint_c>3.9</dewpoint_c>
	<visibility_mi>10.00</visibility_mi>
 	<icon_url_base>http://forecast.weather.gov/images/wtf/small/</icon_url_base>
	<two_day_history_url>http://www.weather.gov/data/obhistory/KAAF.html</two_day_history_url>
	<icon_url_name>skc.png</icon_url_name>
	<ob_url>http://www.weather.gov/data/METAR/KAAF.1.txt</ob_url>
	<disclaimer_url>http://weather.gov/disclaimer.html</disclaimer_url>
	<copyright_url>http://weather.gov/disclaimer.html</copyright_url>
	<privacy_policy_url>http://weather.gov/notice.html</privacy_policy_url>
</current_observation>
