<?xml version="1.0" encoding="ISO-8859-1"?> 
<?xml-stylesheet href="latest_ob.xsl" type="text/xsl"?>
<current_observation version="1.0"
	 xmlns:xsd="http://www.w3.org/2001/XMLSchema"
	 xmlns:xsi="http://www.w3.org/2001/XMLSchema-instance"
	 xsi:noNamespaceSchemaLocation="http://www.weather.gov/view/current_observation.xsd">
	<credit>NOAA's National Weather Service</credit>
	<credit_URL>http://weather.gov/</credit_URL>
	<image>
		<url>http://weather.gov/images/xml_logo.gif</url>
		<title>NOAA's National Weather Service</title>
		<link>http://weather.gov</link>
	</image>
	<suggested_pickup>15 minutes after the hour</suggested_pickup>
	<suggested_pickup_period>60</suggested_pickup_period>
	<location>Allentown, Lehigh Valley International Airport, PA</location>
	<station_id>KABE</station_id>
	<latitude>40.64985</latitude>
	<longitude>-75.44771</longitude>
	<observation_time>Last Updated on Apr 8 2017, 3:51 pm EDT</observation_time>
        <observation_time_rfc822>Sat, 08 Apr 2017 15:51:00 -0400</observation_time_rfc822>
	<weather>Fair</weather>
	<temperature_string>58.0 F (14.4 C)</temperature_string>
	<temp_f>58.0</temp_f>
	<temp_c>14.4</temp_c>
	<relative_humidity>20</relative_humidity>
	<wind_string>from the Northwest at 17.3 gusting to 29.9 MPH (15 gusting to 26 KT)</wind_string>
	<wind_dir>Northwest</wind_dir>
	<wind_degrees>300</wind_degrees>
	<wind_mph>17.3</wind_mph>
	<wind_gust_mph>29.9</wind_gust_mph>
	<wind_kt>15</wind_kt>
	<wind_gust_kt>26</wind_gust_kt>
	<pressure_string>1011.2 mb</pressure_string>
	<pressure_mb>1011.2</pressure_mb>
	<pressure_in>29.86</pressure_in>
	<dewpoint_string>17.1 F (-8.3 C)</dewpoint_string>
	<dewpoint_f>17.1</dewpoint_f>
	<dewpoint_c>-8.3</dewpoint_c>
	<windchill_string>55 F (13 C)</windchill_string>
      	<windchill_f>55</windchill_f>
      	<windchill_c>13</windchill_c>
	<visibility_mi>10.00</visibility_mi>
 	<icon_url_base>http://forecast.weather.gov/images/wtf/small/</icon_url_base>
	<two_day_history_url>http://www.weather.gov/data/obhistory/KABE.html</two_day_history_url>
	<icon_url_name>skc.png</icon_url_name>
	<ob_url>http://www.weather.gov/data/METAR/KABE.1.txt</ob_url>
	<disclaimer_url>http://weather.gov/disclaimer.html</disclaimer_url>
	<copyright_url>http://weather.gov/disclaimer.html</copyright_url>
	<privacy_policy_url>http://weather.gov/notice.html</privacy_policy_url>
</current_observation>
