<?xml version="1.0" encoding="ISO-8859-1"?> 
<?xml-stylesheet href="latest_ob.xsl" type="text/xsl"?>
<current_observation version="1.0"
	 xmlns:xsd="http://www.w3.org/2001/XMLSchema"
	 xmlns:xsi="http://www.w3.org/2001/XMLSchema-instance"
	 xsi:noNamespaceSchemaLocation="http://www.weather.gov/view/current_observation.xsd">
	<credit>NOAA's National Weather Service</credit>
	<credit_URL>http://weather.gov/</credit_URL>
	<image>
		<url>http://weather.gov/images/xml_logo.gif</url>
		<title>NOAA's National Weather Service</title>
		<link>http://weather.gov</link>
	</image>
	<suggested_pickup>15 minutes after the hour</suggested_pickup>
	<suggested_pickup_period>60</suggested_pickup_period>
	<location>Abilene, Abilene Regional Airport, TX</location>
	<station_id>KABI</station_id>
	<latitude>32.41028</latitude>
	<longitude>-99.68167</longitude>
	<observation_time>Last Updated on Apr 8 2017, 2:52 pm CDT</observation_time>
        <observation_time_rfc822>Sat, 08 Apr 2017 14:52:00 -0500</observation_time_rfc822>
	<weather>Fair</weather>
	<temperature_string>82.0 F (27.8 C)</temperature_string>
	<temp_f>82.0</temp_f>
	<temp_c>27.8</temp_c>
	<relative_humidity>44</relative_humidity>
	<wind_string>from the South at 18.4 gusting to 26.5 MPH (16 gusting to 23 KT)</wind_string>
	<wind_dir>South</wind_dir>
	<wind_degrees>200</wind_degrees>
	<wind_mph>18.4</wind_mph>
	<wind_gust_mph>26.5</wind_gust_mph>
	<wind_kt>16</wind_kt>
	<wind_gust_kt>23</wind_gust_kt>
	<pressure_string>1008.9 mb</pressure_string>
	<pressure_mb>1008.9</pressure_mb>
	<pressure_in>29.86</pressure_in>
	<dewpoint_string>57.9 F (14.4 C)</dewpoint_string>
	<dewpoint_f>57.9</dewpoint_f>
	<dewpoint_c>14.4</dewpoint_c>
	<heat_index_string>82 F (28 C)</heat_index_string>
      	<heat_index_f>82</heat_index_f>
      	<heat_index_c>28</heat_index_c>
	<visibility_mi>10.00</visibility_mi>
 	<icon_url_base>http://forecast.weather.gov/images/wtf/small/</icon_url_base>
	<two_day_history_url>http://www.weather.gov/data/obhistory/KABI.html</two_day_history_url>
	<icon_url_name>skc.png</icon_url_name>
	<ob_url>http://www.weather.gov/data/METAR/KABI.1.txt</ob_url>
	<disclaimer_url>http://weather.gov/disclaimer.html</disclaimer_url>
	<copyright_url>http://weather.gov/disclaimer.html</copyright_url>
	<privacy_policy_url>http://weather.gov/notice.html</privacy_policy_url>
</current_observation>
