<?xml version="1.0" encoding="ISO-8859-1"?> 
<?xml-stylesheet href="latest_ob.xsl" type="text/xsl"?>
<current_observation version="1.0"
	 xmlns:xsd="http://www.w3.org/2001/XMLSchema"
	 xmlns:xsi="http://www.w3.org/2001/XMLSchema-instance"
	 xsi:noNamespaceSchemaLocation="http://www.weather.gov/view/current_observation.xsd">
	<credit>NOAA's National Weather Service</credit>
	<credit_URL>http://weather.gov/</credit_URL>
	<image>
		<url>http://weather.gov/images/xml_logo.gif</url>
		<title>NOAA's National Weather Service</title>
		<link>http://weather.gov</link>
	</image>
	<suggested_pickup>15 minutes after the hour</suggested_pickup>
	<suggested_pickup_period>60</suggested_pickup_period>
	<location>Albuquerque, Albuquerque International Airport, NM</location>
	<station_id>KABQ</station_id>
	<latitude>35.04167</latitude>
	<longitude>-106.61472</longitude>
	<observation_time>Last Updated on Apr 8 2017, 1:52 pm MDT</observation_time>
        <observation_time_rfc822>Sat, 08 Apr 2017 13:52:00 -0600</observation_time_rfc822>
	<weather>Mostly Cloudy and Breezy</weather>
	<temperature_string>75.0 F (23.9 C)</temperature_string>
	<temp_f>75.0</temp_f>
	<temp_c>23.9</temp_c>
	<relative_humidity>10</relative_humidity>
	<wind_string>from the West at 20.7 gusting to 25.3 MPH (18 gusting to 22 KT)</wind_string>
	<wind_dir>West</wind_dir>
	<wind_degrees>270</wind_degrees>
	<wind_mph>20.7</wind_mph>
	<wind_gust_mph>25.3</wind_gust_mph>
	<wind_kt>18</wind_kt>
	<wind_gust_kt>22</wind_gust_kt>
	<pressure_string>1007.4 mb</pressure_string>
	<pressure_mb>1007.4</pressure_mb>
	<pressure_in>29.96</pressure_in>
	<dewpoint_string>15.1 F (-9.4 C)</dewpoint_string>
	<dewpoint_f>15.1</dewpoint_f>
	<dewpoint_c>-9.4</dewpoint_c>
	<visibility_mi>10.00</visibility_mi>
 	<icon_url_base>http://forecast.weather.gov/images/wtf/small/</icon_url_base>
	<two_day_history_url>http://www.weather.gov/data/obhistory/KABQ.html</two_day_history_url>
	<icon_url_name>bkn.png</icon_url_name>
	<ob_url>http://www.weather.gov/data/METAR/KABQ.1.txt</ob_url>
	<disclaimer_url>http://weather.gov/disclaimer.html</disclaimer_url>
	<copyright_url>http://weather.gov/disclaimer.html</copyright_url>
	<privacy_policy_url>http://weather.gov/notice.html</privacy_policy_url>
</current_observation>
