<?xml version="1.0" encoding="ISO-8859-1"?> 
<?xml-stylesheet href="latest_ob.xsl" type="text/xsl"?>
<current_observation version="1.0"
	 xmlns:xsd="http://www.w3.org/2001/XMLSchema"
	 xmlns:xsi="http://www.w3.org/2001/XMLSchema-instance"
	 xsi:noNamespaceSchemaLocation="http://www.weather.gov/view/current_observation.xsd">
	<credit>NOAA's National Weather Service</credit>
	<credit_URL>http://weather.gov/</credit_URL>
	<image>
		<url>http://weather.gov/images/xml_logo.gif</url>
		<title>NOAA's National Weather Service</title>
		<link>http://weather.gov</link>
	</image>
	<suggested_pickup>15 minutes after the hour</suggested_pickup>
	<suggested_pickup_period>60</suggested_pickup_period>
	<location>Albany, Southwest Georgia Regional Airport, GA</location>
	<station_id>KABY</station_id>
	<latitude>31.53556</latitude>
	<longitude>-84.19444</longitude>
	<observation_time>Last Updated on Apr 8 2017, 3:53 pm EDT</observation_time>
        <observation_time_rfc822>Sat, 08 Apr 2017 15:53:00 -0400</observation_time_rfc822>
	<weather>Fair</weather>
	<temperature_string>72.0 F (22.2 C)</temperature_string>
	<temp_f>72.0</temp_f>
	<temp_c>22.2</temp_c>
	<relative_humidity>21</relative_humidity>
	<wind_string>West at 9.2 MPH (8 KT)</wind_string>
	<wind_dir>West</wind_dir>
	<wind_degrees>280</wind_degrees>
	<wind_mph>9.2</wind_mph>
	<wind_kt>8</wind_kt>
	<pressure_string>1019.0 mb</pressure_string>
	<pressure_mb>1019.0</pressure_mb>
	<pressure_in>30.09</pressure_in>
	<dewpoint_string>30.0 F (-1.1 C)</dewpoint_string>
	<dewpoint_f>30.0</dewpoint_f>
	<dewpoint_c>-1.1</dewpoint_c>
	<visibility_mi>10.00</visibility_mi>
 	<icon_url_base>http://forecast.weather.gov/images/wtf/small/</icon_url_base>
	<two_day_history_url>http://www.weather.gov/data/obhistory/KABY.html</two_day_history_url>
	<icon_url_name>skc.png</icon_url_name>
	<ob_url>http://www.weather.gov/data/METAR/KABY.1.txt</ob_url>
	<disclaimer_url>http://weather.gov/disclaimer.html</disclaimer_url>
	<copyright_url>http://weather.gov/disclaimer.html</copyright_url>
	<privacy_policy_url>http://weather.gov/notice.html</privacy_policy_url>
</current_observation>
