<?xml version="1.0" encoding="ISO-8859-1"?> 
<?xml-stylesheet href="latest_ob.xsl" type="text/xsl"?>
<current_observation version="1.0"
	 xmlns:xsd="http://www.w3.org/2001/XMLSchema"
	 xmlns:xsi="http://www.w3.org/2001/XMLSchema-instance"
	 xsi:noNamespaceSchemaLocation="http://www.weather.gov/view/current_observation.xsd">
	<credit>NOAA's National Weather Service</credit>
	<credit_URL>http://weather.gov/</credit_URL>
	<image>
		<url>http://weather.gov/images/xml_logo.gif</url>
		<title>NOAA's National Weather Service</title>
		<link>http://weather.gov</link>
	</image>
	<suggested_pickup>15 minutes after the hour</suggested_pickup>
	<suggested_pickup_period>60</suggested_pickup_period>
	<location>Atlantic City, Atlantic City International Airport, NJ</location>
	<station_id>KACY</station_id>
	<latitude>39.45202</latitude>
	<longitude>-74.56699</longitude>
	<observation_time>Last Updated on Apr 8 2017, 3:54 pm EDT</observation_time>
        <observation_time_rfc822>Sat, 08 Apr 2017 15:54:00 -0400</observation_time_rfc822>
	<weather>Fair</weather>
	<temperature_string>60.0 F (15.6 C)</temperature_string>
	<temp_f>60.0</temp_f>
	<temp_c>15.6</temp_c>
	<relative_humidity>21</relative_humidity>
	<wind_string>from the Northwest at 16.1 gusting to 24.2 MPH (14 gusting to 21 KT)</wind_string>
	<wind_dir>Northwest</wind_dir>
	<wind_degrees>300</wind_degrees>
	<wind_mph>16.1</wind_mph>
	<wind_gust_mph>24.2</wind_gust_mph>
	<wind_kt>14</wind_kt>
	<wind_gust_kt>21</wind_gust_kt>
	<pressure_string>1011.2 mb</pressure_string>
	<pressure_mb>1011.2</pressure_mb>
	<pressure_in>29.87</pressure_in>
	<dewpoint_string>19.9 F (-6.7 C)</dewpoint_string>
	<dewpoint_f>19.9</dewpoint_f>
	<dewpoint_c>-6.7</dewpoint_c>
	<windchill_string>57 F (14 C)</windchill_string>
      	<windchill_f>57</windchill_f>
      	<windchill_c>14</windchill_c>
	<visibility_mi>10.00</visibility_mi>
 	<icon_url_base>http://forecast.weather.gov/images/wtf/small/</icon_url_base>
	<two_day_history_url>http://www.weather.gov/data/obhistory/KACY.html</two_day_history_url>
	<icon_url_name>skc.png</icon_url_name>
	<ob_url>http://www.weather.gov/data/METAR/KACY.1.txt</ob_url>
	<disclaimer_url>http://weather.gov/disclaimer.html</disclaimer_url>
	<copyright_url>http://weather.gov/disclaimer.html</copyright_url>
	<privacy_policy_url>http://weather.gov/notice.html</privacy_policy_url>
</current_observation>
