<?xml version="1.0" encoding="ISO-8859-1"?> 
<?xml-stylesheet href="latest_ob.xsl" type="text/xsl"?>
<current_observation version="1.0"
	 xmlns:xsd="http://www.w3.org/2001/XMLSchema"
	 xmlns:xsi="http://www.w3.org/2001/XMLSchema-instance"
	 xsi:noNamespaceSchemaLocation="http://www.weather.gov/view/current_observation.xsd">
	<credit>NOAA's National Weather Service</credit>
	<credit_URL>http://weather.gov/</credit_URL>
	<image>
		<url>http://weather.gov/images/xml_logo.gif</url>
		<title>NOAA's National Weather Service</title>
		<link>http://weather.gov</link>
	</image>
	<suggested_pickup>15 minutes after the hour</suggested_pickup>
	<suggested_pickup_period>60</suggested_pickup_period>
	<location>Ada, Ada Municipal Airport, OK</location>
	<station_id>KADH</station_id>
	<latitude>34.80444</latitude>
	<longitude>-96.67139</longitude>
	<observation_time>Last Updated on Apr 8 2017, 2:55 pm CDT</observation_time>
        <observation_time_rfc822>Sat, 08 Apr 2017 14:55:00 -0500</observation_time_rfc822>
	<weather>Fair</weather>
	<temperature_string>79.0 F (26.0 C)</temperature_string>
	<temp_f>79.0</temp_f>
	<temp_c>26.0</temp_c>
	<relative_humidity>51</relative_humidity>
	<wind_string>from the South at 17.3 gusting to 24.2 MPH (15 gusting to 21 KT)</wind_string>
	<wind_dir>South</wind_dir>
	<wind_degrees>170</wind_degrees>
	<wind_mph>17.3</wind_mph>
	<wind_gust_mph>24.2</wind_gust_mph>
	<wind_kt>15</wind_kt>
	<wind_gust_kt>21</wind_gust_kt>
	<pressure_in>29.82</pressure_in>
	<dewpoint_string>59.0 F (15.0 C)</dewpoint_string>
	<dewpoint_f>59.0</dewpoint_f>
	<dewpoint_c>15.0</dewpoint_c>
	<visibility_mi>10.00</visibility_mi>
 	<icon_url_base>http://forecast.weather.gov/images/wtf/small/</icon_url_base>
	<two_day_history_url>http://www.weather.gov/data/obhistory/KADH.html</two_day_history_url>
	<icon_url_name>skc.png</icon_url_name>
	<ob_url>http://www.weather.gov/data/METAR/KADH.1.txt</ob_url>
	<disclaimer_url>http://weather.gov/disclaimer.html</disclaimer_url>
	<copyright_url>http://weather.gov/disclaimer.html</copyright_url>
	<privacy_policy_url>http://weather.gov/notice.html</privacy_policy_url>
</current_observation>
