<?xml version="1.0" encoding="ISO-8859-1"?> 
<?xml-stylesheet href="latest_ob.xsl" type="text/xsl"?>
<current_observation version="1.0"
	 xmlns:xsd="http://www.w3.org/2001/XMLSchema"
	 xmlns:xsi="http://www.w3.org/2001/XMLSchema-instance"
	 xsi:noNamespaceSchemaLocation="http://www.weather.gov/view/current_observation.xsd">
	<credit>NOAA's National Weather Service</credit>
	<credit_URL>http://weather.gov/</credit_URL>
	<image>
		<url>http://weather.gov/images/xml_logo.gif</url>
		<title>NOAA's National Weather Service</title>
		<link>http://weather.gov</link>
	</image>
	<suggested_pickup>15 minutes after the hour</suggested_pickup>
	<suggested_pickup_period>60</suggested_pickup_period>
	<location>Camp Springs / Andrews Air Force Base, MD</location>
	<station_id>KADW</station_id>
	<latitude>38.81667</latitude>
	<longitude>-76.85</longitude>
	<observation_time>Last Updated on Apr 8 2017, 2:58 pm EDT</observation_time>
        <observation_time_rfc822>Sat, 08 Apr 2017 14:58:00 -0400</observation_time_rfc822>
	<weather>Fair and Breezy</weather>
	<temperature_string>60.0 F (15.7 C)</temperature_string>
	<temp_f>60.0</temp_f>
	<temp_c>15.7</temp_c>
	<relative_humidity>20</relative_humidity>
	<wind_string>from the West at 20.7 gusting to 24.2 MPH (18 gusting to 21 KT)</wind_string>
	<wind_dir>West</wind_dir>
	<wind_degrees>270</wind_degrees>
	<wind_mph>20.7</wind_mph>
	<wind_gust_mph>24.2</wind_gust_mph>
	<wind_kt>18</wind_kt>
	<wind_gust_kt>21</wind_gust_kt>
	<pressure_string>1014.9 mb</pressure_string>
	<pressure_mb>1014.9</pressure_mb>
	<pressure_in>29.95</pressure_in>
	<dewpoint_string>18.7 F (-7.4 C)</dewpoint_string>
	<dewpoint_f>18.7</dewpoint_f>
	<dewpoint_c>-7.4</dewpoint_c>
	<windchill_string>57 F (14 C)</windchill_string>
      	<windchill_f>57</windchill_f>
      	<windchill_c>14</windchill_c>
	<visibility_mi>10.00</visibility_mi>
 	<icon_url_base>http://forecast.weather.gov/images/wtf/small/</icon_url_base>
	<two_day_history_url>http://www.weather.gov/data/obhistory/KADW.html</two_day_history_url>
	<icon_url_name>skc.png</icon_url_name>
	<ob_url>http://www.weather.gov/data/METAR/KADW.1.txt</ob_url>
	<disclaimer_url>http://weather.gov/disclaimer.html</disclaimer_url>
	<copyright_url>http://weather.gov/disclaimer.html</copyright_url>
	<privacy_policy_url>http://weather.gov/notice.html</privacy_policy_url>
</current_observation>
