<?xml version="1.0" encoding="ISO-8859-1"?> 
<?xml-stylesheet href="latest_ob.xsl" type="text/xsl"?>
<current_observation version="1.0"
	 xmlns:xsd="http://www.w3.org/2001/XMLSchema"
	 xmlns:xsi="http://www.w3.org/2001/XMLSchema-instance"
	 xsi:noNamespaceSchemaLocation="http://www.weather.gov/view/current_observation.xsd">
	<credit>NOAA's National Weather Service</credit>
	<credit_URL>http://weather.gov/</credit_URL>
	<image>
		<url>http://weather.gov/images/xml_logo.gif</url>
		<title>NOAA's National Weather Service</title>
		<link>http://weather.gov</link>
	</image>
	<suggested_pickup>15 minutes after the hour</suggested_pickup>
	<suggested_pickup_period>60</suggested_pickup_period>
	<location>Air Force Academy, CO</location>
	<station_id>KAFF</station_id>
	<latitude>38.96667</latitude>
	<longitude>-104.81667</longitude>
	<observation_time>Last Updated on Apr 8 2017, 12:58 pm MDT</observation_time>
        <observation_time_rfc822>Sat, 08 Apr 2017 12:58:00 -0600</observation_time_rfc822>
	<weather>Partly Cloudy</weather>
	<temperature_string>70.0 F (20.9 C)</temperature_string>
	<temp_f>70.0</temp_f>
	<temp_c>20.9</temp_c>
	<relative_humidity>18</relative_humidity>
	<wind_string>South at 8.1 MPH (7 KT)</wind_string>
	<wind_dir>South</wind_dir>
	<wind_degrees>170</wind_degrees>
	<wind_mph>8.1</wind_mph>
	<wind_kt>7</wind_kt>
	<pressure_string>999.3 mb</pressure_string>
	<pressure_mb>999.3</pressure_mb>
	<pressure_in>29.78</pressure_in>
	<dewpoint_string>23.9 F (-4.5 C)</dewpoint_string>
	<dewpoint_f>23.9</dewpoint_f>
	<dewpoint_c>-4.5</dewpoint_c>
	<visibility_mi>10.00</visibility_mi>
 	<icon_url_base>http://forecast.weather.gov/images/wtf/small/</icon_url_base>
	<two_day_history_url>http://www.weather.gov/data/obhistory/KAFF.html</two_day_history_url>
	<icon_url_name>sct.png</icon_url_name>
	<ob_url>http://www.weather.gov/data/METAR/KAFF.1.txt</ob_url>
	<disclaimer_url>http://weather.gov/disclaimer.html</disclaimer_url>
	<copyright_url>http://weather.gov/disclaimer.html</copyright_url>
	<privacy_policy_url>http://weather.gov/notice.html</privacy_policy_url>
</current_observation>
