<?xml version="1.0" encoding="ISO-8859-1"?> 
<?xml-stylesheet href="latest_ob.xsl" type="text/xsl"?>
<current_observation version="1.0"
	 xmlns:xsd="http://www.w3.org/2001/XMLSchema"
	 xmlns:xsi="http://www.w3.org/2001/XMLSchema-instance"
	 xsi:noNamespaceSchemaLocation="http://www.weather.gov/view/current_observation.xsd">
	<credit>NOAA's National Weather Service</credit>
	<credit_URL>http://weather.gov/</credit_URL>
	<image>
		<url>http://weather.gov/images/xml_logo.gif</url>
		<title>NOAA's National Weather Service</title>
		<link>http://weather.gov</link>
	</image>
	<suggested_pickup>15 minutes after the hour</suggested_pickup>
	<suggested_pickup_period>60</suggested_pickup_period>
	<location>Jaffrey Airport-Silver Ranch, NH</location>
	<station_id>KAFN</station_id>
	<latitude>42.80667</latitude>
	<longitude>-72.00127</longitude>
	<observation_time>Last Updated on Apr 8 2017, 3:52 pm EDT</observation_time>
        <observation_time_rfc822>Sat, 08 Apr 2017 15:52:00 -0400</observation_time_rfc822>
	<weather>Mostly Cloudy</weather>
	<temperature_string>41.0 F (5.0 C)</temperature_string>
	<temp_f>41.0</temp_f>
	<temp_c>5.0</temp_c>
	<relative_humidity>49</relative_humidity>
	<wind_string>from the Northwest at 8.1 gusting to 19.6 MPH (7 gusting to 17 KT)</wind_string>
	<wind_dir>Northwest</wind_dir>
	<wind_degrees>300</wind_degrees>
	<wind_mph>8.1</wind_mph>
	<wind_gust_mph>19.6</wind_gust_mph>
	<wind_kt>7</wind_kt>
	<wind_gust_kt>17</wind_gust_kt>
	<pressure_string>1007.2 mb</pressure_string>
	<pressure_mb>1007.2</pressure_mb>
	<pressure_in>29.70</pressure_in>
	<dewpoint_string>23.0 F (-5.0 C)</dewpoint_string>
	<dewpoint_f>23.0</dewpoint_f>
	<dewpoint_c>-5.0</dewpoint_c>
	<windchill_string>36 F (2 C)</windchill_string>
      	<windchill_f>36</windchill_f>
      	<windchill_c>2</windchill_c>
	<visibility_mi>10.00</visibility_mi>
 	<icon_url_base>http://forecast.weather.gov/images/wtf/small/</icon_url_base>
	<two_day_history_url>http://www.weather.gov/data/obhistory/KAFN.html</two_day_history_url>
	<icon_url_name>bkn.png</icon_url_name>
	<ob_url>http://www.weather.gov/data/METAR/KAFN.1.txt</ob_url>
	<disclaimer_url>http://weather.gov/disclaimer.html</disclaimer_url>
	<copyright_url>http://weather.gov/disclaimer.html</copyright_url>
	<privacy_policy_url>http://weather.gov/notice.html</privacy_policy_url>
</current_observation>
