<?xml version="1.0" encoding="ISO-8859-1"?> 
<?xml-stylesheet href="latest_ob.xsl" type="text/xsl"?>
<current_observation version="1.0"
	 xmlns:xsd="http://www.w3.org/2001/XMLSchema"
	 xmlns:xsi="http://www.w3.org/2001/XMLSchema-instance"
	 xsi:noNamespaceSchemaLocation="http://www.weather.gov/view/current_observation.xsd">
	<credit>NOAA's National Weather Service</credit>
	<credit_URL>http://weather.gov/</credit_URL>
	<image>
		<url>http://weather.gov/images/xml_logo.gif</url>
		<title>NOAA's National Weather Service</title>
		<link>http://weather.gov</link>
	</image>
	<suggested_pickup>15 minutes after the hour</suggested_pickup>
	<suggested_pickup_period>60</suggested_pickup_period>
	<location>Alliance, Alliance Municipal Airport, NE</location>
	<station_id>KAIA</station_id>
	<latitude>42.05722</latitude>
	<longitude>-102.8</longitude>
	<observation_time>Last Updated on Apr 8 2017, 1:53 pm MDT</observation_time>
        <observation_time_rfc822>Sat, 08 Apr 2017 13:53:00 -0600</observation_time_rfc822>
	<weather>Fair</weather>
	<temperature_string>72.0 F (22.2 C)</temperature_string>
	<temp_f>72.0</temp_f>
	<temp_c>22.2</temp_c>
	<relative_humidity>27</relative_humidity>
	<wind_string>from the Southeast at 12.7 gusting to 18.4 MPH (11 gusting to 16 KT)</wind_string>
	<wind_dir>Southeast</wind_dir>
	<wind_degrees>130</wind_degrees>
	<wind_mph>12.7</wind_mph>
	<wind_gust_mph>18.4</wind_gust_mph>
	<wind_kt>11</wind_kt>
	<wind_gust_kt>16</wind_gust_kt>
	<pressure_string>1000.1 mb</pressure_string>
	<pressure_mb>1000.1</pressure_mb>
	<pressure_in>29.61</pressure_in>
	<dewpoint_string>36.0 F (2.2 C)</dewpoint_string>
	<dewpoint_f>36.0</dewpoint_f>
	<dewpoint_c>2.2</dewpoint_c>
	<visibility_mi>10.00</visibility_mi>
 	<icon_url_base>http://forecast.weather.gov/images/wtf/small/</icon_url_base>
	<two_day_history_url>http://www.weather.gov/data/obhistory/KAIA.html</two_day_history_url>
	<icon_url_name>skc.png</icon_url_name>
	<ob_url>http://www.weather.gov/data/METAR/KAIA.1.txt</ob_url>
	<disclaimer_url>http://weather.gov/disclaimer.html</disclaimer_url>
	<copyright_url>http://weather.gov/disclaimer.html</copyright_url>
	<privacy_policy_url>http://weather.gov/notice.html</privacy_policy_url>
</current_observation>
