<?xml version="1.0" encoding="ISO-8859-1"?> 
<?xml-stylesheet href="latest_ob.xsl" type="text/xsl"?>
<current_observation version="1.0"
	 xmlns:xsd="http://www.w3.org/2001/XMLSchema"
	 xmlns:xsi="http://www.w3.org/2001/XMLSchema-instance"
	 xsi:noNamespaceSchemaLocation="http://www.weather.gov/view/current_observation.xsd">
	<credit>NOAA's National Weather Service</credit>
	<credit_URL>http://weather.gov/</credit_URL>
	<image>
		<url>http://weather.gov/images/xml_logo.gif</url>
		<title>NOAA's National Weather Service</title>
		<link>http://weather.gov</link>
	</image>
	<suggested_pickup>15 minutes after the hour</suggested_pickup>
	<suggested_pickup_period>60</suggested_pickup_period>
	<location>San Luis Valley Regional Airport, CO</location>
	<station_id>KALS</station_id>
	<latitude>37.43933</latitude>
	<longitude>-105.8618</longitude>
	<observation_time>Last Updated on Apr 8 2017, 1:52 pm MDT</observation_time>
        <observation_time_rfc822>Sat, 08 Apr 2017 13:52:00 -0600</observation_time_rfc822>
	<weather>Fair and Breezy</weather>
	<temperature_string>65.0 F (18.3 C)</temperature_string>
	<temp_f>65.0</temp_f>
	<temp_c>18.3</temp_c>
	<relative_humidity>13</relative_humidity>
	<wind_string>from the Southwest at 21.9 gusting to 33.4 MPH (19 gusting to 29 KT)</wind_string>
	<wind_dir>Southwest</wind_dir>
	<wind_degrees>240</wind_degrees>
	<wind_mph>21.9</wind_mph>
	<wind_gust_mph>33.4</wind_gust_mph>
	<wind_kt>19</wind_kt>
	<wind_gust_kt>29</wind_gust_kt>
	<pressure_string>1006.0 mb</pressure_string>
	<pressure_mb>1006.0</pressure_mb>
	<pressure_in>29.92</pressure_in>
	<dewpoint_string>12.9 F (-10.6 C)</dewpoint_string>
	<dewpoint_f>12.9</dewpoint_f>
	<dewpoint_c>-10.6</dewpoint_c>
	<visibility_mi>10.00</visibility_mi>
 	<icon_url_base>http://forecast.weather.gov/images/wtf/small/</icon_url_base>
	<two_day_history_url>http://www.weather.gov/data/obhistory/KALS.html</two_day_history_url>
	<icon_url_name>skc.png</icon_url_name>
	<ob_url>http://www.weather.gov/data/METAR/KALS.1.txt</ob_url>
	<disclaimer_url>http://weather.gov/disclaimer.html</disclaimer_url>
	<copyright_url>http://weather.gov/disclaimer.html</copyright_url>
	<privacy_policy_url>http://weather.gov/notice.html</privacy_policy_url>
</current_observation>
