<?xml version="1.0" encoding="ISO-8859-1"?> 
<?xml-stylesheet href="latest_ob.xsl" type="text/xsl"?>
<current_observation version="1.0"
	 xmlns:xsd="http://www.w3.org/2001/XMLSchema"
	 xmlns:xsi="http://www.w3.org/2001/XMLSchema-instance"
	 xsi:noNamespaceSchemaLocation="http://www.weather.gov/view/current_observation.xsd">
	<credit>NOAA's National Weather Service</credit>
	<credit_URL>http://weather.gov/</credit_URL>
	<image>
		<url>http://weather.gov/images/xml_logo.gif</url>
		<title>NOAA's National Weather Service</title>
		<link>http://weather.gov</link>
	</image>
	<suggested_pickup>15 minutes after the hour</suggested_pickup>
	<suggested_pickup_period>60</suggested_pickup_period>
	<location>Walla Walla Regional Airport, WA</location>
	<station_id>KALW</station_id>
	<latitude>46.09462</latitude>
	<longitude>-118.2858</longitude>
	<observation_time>Last Updated on Apr 8 2017, 12:53 pm PDT</observation_time>
        <observation_time_rfc822>Sat, 08 Apr 2017 12:53:00 -0700</observation_time_rfc822>
	<weather>Overcast and Breezy</weather>
	<temperature_string>53.0 F (11.7 C)</temperature_string>
	<temp_f>53.0</temp_f>
	<temp_c>11.7</temp_c>
	<relative_humidity>47</relative_humidity>
	<wind_string>from the West at 21.9 gusting to 26.5 MPH (19 gusting to 23 KT)</wind_string>
	<wind_dir>West</wind_dir>
	<wind_degrees>250</wind_degrees>
	<wind_mph>21.9</wind_mph>
	<wind_gust_mph>26.5</wind_gust_mph>
	<wind_kt>19</wind_kt>
	<wind_gust_kt>23</wind_gust_kt>
	<pressure_string>1011.1 mb</pressure_string>
	<pressure_mb>1011.1</pressure_mb>
	<pressure_in>29.85</pressure_in>
	<dewpoint_string>33.1 F (0.6 C)</dewpoint_string>
	<dewpoint_f>33.1</dewpoint_f>
	<dewpoint_c>0.6</dewpoint_c>
	<windchill_string>47 F (8 C)</windchill_string>
      	<windchill_f>47</windchill_f>
      	<windchill_c>8</windchill_c>
	<visibility_mi>10.00</visibility_mi>
 	<icon_url_base>http://forecast.weather.gov/images/wtf/small/</icon_url_base>
	<two_day_history_url>http://www.weather.gov/data/obhistory/KALW.html</two_day_history_url>
	<icon_url_name>ovc.png</icon_url_name>
	<ob_url>http://www.weather.gov/data/METAR/KALW.1.txt</ob_url>
	<disclaimer_url>http://weather.gov/disclaimer.html</disclaimer_url>
	<copyright_url>http://weather.gov/disclaimer.html</copyright_url>
	<privacy_policy_url>http://weather.gov/notice.html</privacy_policy_url>
</current_observation>
