<?xml version="1.0" encoding="ISO-8859-1"?> 
<?xml-stylesheet href="latest_ob.xsl" type="text/xsl"?>
<current_observation version="1.0"
	 xmlns:xsd="http://www.w3.org/2001/XMLSchema"
	 xmlns:xsi="http://www.w3.org/2001/XMLSchema-instance"
	 xsi:noNamespaceSchemaLocation="http://www.weather.gov/view/current_observation.xsd">
	<credit>NOAA's National Weather Service</credit>
	<credit_URL>http://weather.gov/</credit_URL>
	<image>
		<url>http://weather.gov/images/xml_logo.gif</url>
		<title>NOAA's National Weather Service</title>
		<link>http://weather.gov</link>
	</image>
	<suggested_pickup>15 minutes after the hour</suggested_pickup>
	<suggested_pickup_period>60</suggested_pickup_period>
	<location>Ames, Ames Municipal Airport, IA</location>
	<station_id>KAMW</station_id>
	<latitude>41.99056</latitude>
	<longitude>-93.61889</longitude>
	<observation_time>Last Updated on Apr 8 2017, 2:53 pm CDT</observation_time>
        <observation_time_rfc822>Sat, 08 Apr 2017 14:53:00 -0500</observation_time_rfc822>
	<weather>Fair and Breezy</weather>
	<temperature_string>73.0 F (22.8 C)</temperature_string>
	<temp_f>73.0</temp_f>
	<temp_c>22.8</temp_c>
	<relative_humidity>44</relative_humidity>
	<wind_string>from the South at 20.7 gusting to 28.8 MPH (18 gusting to 25 KT)</wind_string>
	<wind_dir>South</wind_dir>
	<wind_degrees>180</wind_degrees>
	<wind_mph>20.7</wind_mph>
	<wind_gust_mph>28.8</wind_gust_mph>
	<wind_kt>18</wind_kt>
	<wind_gust_kt>25</wind_gust_kt>
	<pressure_string>1003.1 mb</pressure_string>
	<pressure_mb>1003.1</pressure_mb>
	<pressure_in>29.63</pressure_in>
	<dewpoint_string>50.0 F (10.0 C)</dewpoint_string>
	<dewpoint_f>50.0</dewpoint_f>
	<dewpoint_c>10.0</dewpoint_c>
	<visibility_mi>10.00</visibility_mi>
 	<icon_url_base>http://forecast.weather.gov/images/wtf/small/</icon_url_base>
	<two_day_history_url>http://www.weather.gov/data/obhistory/KAMW.html</two_day_history_url>
	<icon_url_name>skc.png</icon_url_name>
	<ob_url>http://www.weather.gov/data/METAR/KAMW.1.txt</ob_url>
	<disclaimer_url>http://weather.gov/disclaimer.html</disclaimer_url>
	<copyright_url>http://weather.gov/disclaimer.html</copyright_url>
	<privacy_policy_url>http://weather.gov/notice.html</privacy_policy_url>
</current_observation>
