<?xml version="1.0" encoding="ISO-8859-1"?> 
<?xml-stylesheet href="latest_ob.xsl" type="text/xsl"?>
<current_observation version="1.0"
	 xmlns:xsd="http://www.w3.org/2001/XMLSchema"
	 xmlns:xsi="http://www.w3.org/2001/XMLSchema-instance"
	 xsi:noNamespaceSchemaLocation="http://www.weather.gov/view/current_observation.xsd">
	<credit>NOAA's National Weather Service</credit>
	<credit_URL>http://weather.gov/</credit_URL>
	<image>
		<url>http://weather.gov/images/xml_logo.gif</url>
		<title>NOAA's National Weather Service</title>
		<link>http://weather.gov</link>
	</image>
	<suggested_pickup>15 minutes after the hour</suggested_pickup>
	<suggested_pickup_period>60</suggested_pickup_period>
	<location>Harriet Alexander Field Airport, CO</location>
	<station_id>KANK</station_id>
	<latitude>38.53828</latitude>
	<longitude>-106.04864</longitude>
	<observation_time>Last Updated on Apr 8 2017, 1:55 pm MDT</observation_time>
        <observation_time_rfc822>Sat, 08 Apr 2017 13:55:00 -0600</observation_time_rfc822>
	<weather>Mostly Cloudy</weather>
	<temperature_string>64.0 F (18.0 C)</temperature_string>
	<temp_f>64.0</temp_f>
	<temp_c>18.0</temp_c>
	<relative_humidity>24</relative_humidity>
	<wind_string>from the West at 16.1 gusting to 21.9 MPH (14 gusting to 19 KT)</wind_string>
	<wind_dir>West</wind_dir>
	<wind_degrees>290</wind_degrees>
	<wind_mph>16.1</wind_mph>
	<wind_gust_mph>21.9</wind_gust_mph>
	<wind_kt>14</wind_kt>
	<wind_gust_kt>19</wind_gust_kt>
	<pressure_in>29.95</pressure_in>
	<dewpoint_string>26.2 F (-3.2 C)</dewpoint_string>
	<dewpoint_f>26.2</dewpoint_f>
	<dewpoint_c>-3.2</dewpoint_c>
	<visibility_mi>10.00</visibility_mi>
 	<icon_url_base>http://forecast.weather.gov/images/wtf/small/</icon_url_base>
	<two_day_history_url>http://www.weather.gov/data/obhistory/KANK.html</two_day_history_url>
	<icon_url_name>bkn.png</icon_url_name>
	<ob_url>http://www.weather.gov/data/METAR/KANK.1.txt</ob_url>
	<disclaimer_url>http://weather.gov/disclaimer.html</disclaimer_url>
	<copyright_url>http://weather.gov/disclaimer.html</copyright_url>
	<privacy_policy_url>http://weather.gov/notice.html</privacy_policy_url>
</current_observation>
