<?xml version="1.0" encoding="ISO-8859-1"?> 
<?xml-stylesheet href="latest_ob.xsl" type="text/xsl"?>
<current_observation version="1.0"
	 xmlns:xsd="http://www.w3.org/2001/XMLSchema"
	 xmlns:xsi="http://www.w3.org/2001/XMLSchema-instance"
	 xsi:noNamespaceSchemaLocation="http://www.weather.gov/view/current_observation.xsd">
	<credit>NOAA's National Weather Service</credit>
	<credit_URL>http://weather.gov/</credit_URL>
	<image>
		<url>http://weather.gov/images/xml_logo.gif</url>
		<title>NOAA's National Weather Service</title>
		<link>http://weather.gov</link>
	</image>
	<suggested_pickup>15 minutes after the hour</suggested_pickup>
	<suggested_pickup_period>60</suggested_pickup_period>
	<location>Ainsworth Regional Airport, NE</location>
	<station_id>KANW</station_id>
	<latitude>42.57484</latitude>
	<longitude>-99.99832</longitude>
	<observation_time>Last Updated on Apr 8 2017, 2:55 pm CDT</observation_time>
        <observation_time_rfc822>Sat, 08 Apr 2017 14:55:00 -0500</observation_time_rfc822>
	<weather>Fair</weather>
	<temperature_string>74.0 F (23.1 C)</temperature_string>
	<temp_f>74.0</temp_f>
	<temp_c>23.1</temp_c>
	<relative_humidity>30</relative_humidity>
	<wind_string>North at 3.5 MPH (3 KT)</wind_string>
	<wind_dir>North</wind_dir>
	<wind_degrees>10</wind_degrees>
	<wind_mph>3.5</wind_mph>
	<wind_kt>3</wind_kt>
	<pressure_in>29.60</pressure_in>
	<dewpoint_string>40.3 F (4.6 C)</dewpoint_string>
	<dewpoint_f>40.3</dewpoint_f>
	<dewpoint_c>4.6</dewpoint_c>
	<visibility_mi>10.00</visibility_mi>
 	<icon_url_base>http://forecast.weather.gov/images/wtf/small/</icon_url_base>
	<two_day_history_url>http://www.weather.gov/data/obhistory/KANW.html</two_day_history_url>
	<icon_url_name>skc.png</icon_url_name>
	<ob_url>http://www.weather.gov/data/METAR/KANW.1.txt</ob_url>
	<disclaimer_url>http://weather.gov/disclaimer.html</disclaimer_url>
	<copyright_url>http://weather.gov/disclaimer.html</copyright_url>
	<privacy_policy_url>http://weather.gov/notice.html</privacy_policy_url>
</current_observation>
