<?xml version="1.0" encoding="ISO-8859-1"?> 
<?xml-stylesheet href="latest_ob.xsl" type="text/xsl"?>
<current_observation version="1.0"
	 xmlns:xsd="http://www.w3.org/2001/XMLSchema"
	 xmlns:xsi="http://www.w3.org/2001/XMLSchema-instance"
	 xsi:noNamespaceSchemaLocation="http://www.weather.gov/view/current_observation.xsd">
	<credit>NOAA's National Weather Service</credit>
	<credit_URL>http://weather.gov/</credit_URL>
	<image>
		<url>http://weather.gov/images/xml_logo.gif</url>
		<title>NOAA's National Weather Service</title>
		<link>http://weather.gov</link>
	</image>
	<suggested_pickup>15 minutes after the hour</suggested_pickup>
	<suggested_pickup_period>60</suggested_pickup_period>
	<location>Denver - Centennial Airport, CO</location>
	<station_id>KAPA</station_id>
	<latitude>39.55991</latitude>
	<longitude>-104.84841</longitude>
	<observation_time>Last Updated on Apr 8 2017, 1:53 pm MDT</observation_time>
        <observation_time_rfc822>Sat, 08 Apr 2017 13:53:00 -0600</observation_time_rfc822>
	<weather>Mostly Cloudy</weather>
	<temperature_string>73.0 F (22.8 C)</temperature_string>
	<temp_f>73.0</temp_f>
	<temp_c>22.8</temp_c>
	<relative_humidity>14</relative_humidity>
	<wind_string>Northeast at 11.5 MPH (10 KT)</wind_string>
	<wind_dir>Northeast</wind_dir>
	<wind_degrees>60</wind_degrees>
	<wind_mph>11.5</wind_mph>
	<wind_kt>10</wind_kt>
	<pressure_string>998.5 mb</pressure_string>
	<pressure_mb>998.5</pressure_mb>
	<pressure_in>29.68</pressure_in>
	<dewpoint_string>21.0 F (-6.1 C)</dewpoint_string>
	<dewpoint_f>21.0</dewpoint_f>
	<dewpoint_c>-6.1</dewpoint_c>
	<visibility_mi>10.00</visibility_mi>
 	<icon_url_base>http://forecast.weather.gov/images/wtf/small/</icon_url_base>
	<two_day_history_url>http://www.weather.gov/data/obhistory/KAPA.html</two_day_history_url>
	<icon_url_name>bkn.png</icon_url_name>
	<ob_url>http://www.weather.gov/data/METAR/KAPA.1.txt</ob_url>
	<disclaimer_url>http://weather.gov/disclaimer.html</disclaimer_url>
	<copyright_url>http://weather.gov/disclaimer.html</copyright_url>
	<privacy_policy_url>http://weather.gov/notice.html</privacy_policy_url>
</current_observation>
