<?xml version="1.0" encoding="ISO-8859-1"?> 
<?xml-stylesheet href="latest_ob.xsl" type="text/xsl"?>
<current_observation version="1.0"
	 xmlns:xsd="http://www.w3.org/2001/XMLSchema"
	 xmlns:xsi="http://www.w3.org/2001/XMLSchema-instance"
	 xsi:noNamespaceSchemaLocation="http://www.weather.gov/view/current_observation.xsd">
	<credit>NOAA's National Weather Service</credit>
	<credit_URL>http://weather.gov/</credit_URL>
	<image>
		<url>http://weather.gov/images/xml_logo.gif</url>
		<title>NOAA's National Weather Service</title>
		<link>http://weather.gov</link>
	</image>
	<suggested_pickup>15 minutes after the hour</suggested_pickup>
	<suggested_pickup_period>60</suggested_pickup_period>
	<location>Napa, Napa County Airport, CA</location>
	<station_id>KAPC</station_id>
	<latitude>38.2075</latitude>
	<longitude>-122.27944</longitude>
	<observation_time>Last Updated on Apr 8 2017, 12:54 pm PDT</observation_time>
        <observation_time_rfc822>Sat, 08 Apr 2017 12:54:00 -0700</observation_time_rfc822>
	<weather>Mostly Cloudy</weather>
	<temperature_string>55.0 F (12.8 C)</temperature_string>
	<temp_f>55.0</temp_f>
	<temp_c>12.8</temp_c>
	<relative_humidity>62</relative_humidity>
	<wind_string>West at 11.5 MPH (10 KT)</wind_string>
	<wind_dir>West</wind_dir>
	<wind_degrees>270</wind_degrees>
	<wind_mph>11.5</wind_mph>
	<wind_kt>10</wind_kt>
	<pressure_string>1018.5 mb</pressure_string>
	<pressure_mb>1018.5</pressure_mb>
	<pressure_in>30.10</pressure_in>
	<dewpoint_string>42.1 F (5.6 C)</dewpoint_string>
	<dewpoint_f>42.1</dewpoint_f>
	<dewpoint_c>5.6</dewpoint_c>
	<windchill_string>52 F (11 C)</windchill_string>
      	<windchill_f>52</windchill_f>
      	<windchill_c>11</windchill_c>
	<visibility_mi>10.00</visibility_mi>
 	<icon_url_base>http://forecast.weather.gov/images/wtf/small/</icon_url_base>
	<two_day_history_url>http://www.weather.gov/data/obhistory/KAPC.html</two_day_history_url>
	<icon_url_name>bkn.png</icon_url_name>
	<ob_url>http://www.weather.gov/data/METAR/KAPC.1.txt</ob_url>
	<disclaimer_url>http://weather.gov/disclaimer.html</disclaimer_url>
	<copyright_url>http://weather.gov/disclaimer.html</copyright_url>
	<privacy_policy_url>http://weather.gov/notice.html</privacy_policy_url>
</current_observation>
