<?xml version="1.0" encoding="ISO-8859-1"?> 
<?xml-stylesheet href="latest_ob.xsl" type="text/xsl"?>
<current_observation version="1.0"
	 xmlns:xsd="http://www.w3.org/2001/XMLSchema"
	 xmlns:xsi="http://www.w3.org/2001/XMLSchema-instance"
	 xsi:noNamespaceSchemaLocation="http://www.weather.gov/view/current_observation.xsd">
	<credit>NOAA's National Weather Service</credit>
	<credit_URL>http://weather.gov/</credit_URL>
	<image>
		<url>http://weather.gov/images/xml_logo.gif</url>
		<title>NOAA's National Weather Service</title>
		<link>http://weather.gov</link>
	</image>
	<suggested_pickup>15 minutes after the hour</suggested_pickup>
	<suggested_pickup_period>60</suggested_pickup_period>
	<location>Phillips Army Air Field / Aberdeen, MD</location>
	<station_id>KAPG</station_id>
	<latitude>39.46667</latitude>
	<longitude>-76.16667</longitude>
	<observation_time>Last Updated on Apr 8 2017, 2:58 pm EDT</observation_time>
        <observation_time_rfc822>Sat, 08 Apr 2017 14:58:00 -0400</observation_time_rfc822>
	<weather>Fair</weather>
	<temperature_string>59.0 F (15.1 C)</temperature_string>
	<temp_f>59.0</temp_f>
	<temp_c>15.1</temp_c>
	<relative_humidity>19</relative_humidity>
	<wind_string>from the Northwest at 15.0 gusting to 21.9 MPH (13 gusting to 19 KT)</wind_string>
	<wind_dir>Northwest</wind_dir>
	<wind_degrees>310</wind_degrees>
	<wind_mph>15.0</wind_mph>
	<wind_gust_mph>21.9</wind_gust_mph>
	<wind_kt>13</wind_kt>
	<wind_gust_kt>19</wind_gust_kt>
	<pressure_string>1013.9 mb</pressure_string>
	<pressure_mb>1013.9</pressure_mb>
	<pressure_in>29.93</pressure_in>
	<dewpoint_string>16.5 F (-8.6 C)</dewpoint_string>
	<dewpoint_f>16.5</dewpoint_f>
	<dewpoint_c>-8.6</dewpoint_c>
	<windchill_string>56 F (13 C)</windchill_string>
      	<windchill_f>56</windchill_f>
      	<windchill_c>13</windchill_c>
	<visibility_mi>10.00</visibility_mi>
 	<icon_url_base>http://forecast.weather.gov/images/wtf/small/</icon_url_base>
	<two_day_history_url>http://www.weather.gov/data/obhistory/KAPG.html</two_day_history_url>
	<icon_url_name>skc.png</icon_url_name>
	<ob_url>http://www.weather.gov/data/METAR/KAPG.1.txt</ob_url>
	<disclaimer_url>http://weather.gov/disclaimer.html</disclaimer_url>
	<copyright_url>http://weather.gov/disclaimer.html</copyright_url>
	<privacy_policy_url>http://weather.gov/notice.html</privacy_policy_url>
</current_observation>
