<?xml version="1.0" encoding="ISO-8859-1"?> 
<?xml-stylesheet href="latest_ob.xsl" type="text/xsl"?>
<current_observation version="1.0"
	 xmlns:xsd="http://www.w3.org/2001/XMLSchema"
	 xmlns:xsi="http://www.w3.org/2001/XMLSchema-instance"
	 xsi:noNamespaceSchemaLocation="http://www.weather.gov/view/current_observation.xsd">
	<credit>NOAA's National Weather Service</credit>
	<credit_URL>http://weather.gov/</credit_URL>
	<image>
		<url>http://weather.gov/images/xml_logo.gif</url>
		<title>NOAA's National Weather Service</title>
		<link>http://weather.gov</link>
	</image>
	<suggested_pickup>15 minutes after the hour</suggested_pickup>
	<suggested_pickup_period>60</suggested_pickup_period>
	<location>Zapata, TX, TX</location>
	<station_id>KAPY</station_id>
	<latitude>26.969</latitude>
	<longitude>-99.249</longitude>
	<observation_time>Last Updated on Apr 8 2017, 2:35 pm CDT</observation_time>
        <observation_time_rfc822>Sat, 08 Apr 2017 14:35:00 -0500</observation_time_rfc822>
	<weather>Fair</weather>
	<temperature_string>85.0 F (29.5 C)</temperature_string>
	<temp_f>85.0</temp_f>
	<temp_c>29.5</temp_c>
	<relative_humidity>39</relative_humidity>
	<wind_string>from the Southeast at 15.0 gusting to 26.5 MPH (13 gusting to 23 KT)</wind_string>
	<wind_dir>Southeast</wind_dir>
	<wind_degrees>150</wind_degrees>
	<wind_mph>15.0</wind_mph>
	<wind_gust_mph>26.5</wind_gust_mph>
	<wind_kt>13</wind_kt>
	<wind_gust_kt>23</wind_gust_kt>
	<pressure_in>29.93</pressure_in>
	<dewpoint_string>57.6 F (14.2 C)</dewpoint_string>
	<dewpoint_f>57.6</dewpoint_f>
	<dewpoint_c>14.2</dewpoint_c>
	<heat_index_string>84 F (29 C)</heat_index_string>
      	<heat_index_f>84</heat_index_f>
      	<heat_index_c>29</heat_index_c>
	<visibility_mi>10.00</visibility_mi>
 	<icon_url_base>http://forecast.weather.gov/images/wtf/small/</icon_url_base>
	<two_day_history_url>http://www.weather.gov/data/obhistory/KAPY.html</two_day_history_url>
	<icon_url_name>skc.png</icon_url_name>
	<ob_url>http://www.weather.gov/data/METAR/KAPY.1.txt</ob_url>
	<disclaimer_url>http://weather.gov/disclaimer.html</disclaimer_url>
	<copyright_url>http://weather.gov/disclaimer.html</copyright_url>
	<privacy_policy_url>http://weather.gov/notice.html</privacy_policy_url>
</current_observation>
